,loss_train,loss_val,time_forecast
0,1.1188312768936157,1.0986120700836182,5.0
1,1.1619408130645752,1.0986120700836182,5.0
2,1.1043658256530762,1.0986120700836182,4.0
3,1.1311216354370117,1.0986120700836182,4.0
4,1.1078649759292603,1.0986120700836182,2.0
5,1.0779134035110474,1.0986120700836182,4.0
6,1.0969187021255493,1.0986120700836182,5.0
7,1.1566545963287354,1.0986120700836182,4.0
8,1.051010012626648,1.0986120700836182,3.0
9,1.1595127582550049,1.0986120700836182,4.0
10,1.1204075813293457,1.0986120700836182,4.0
11,1.102621078491211,1.0986164808273315,5.0
12,1.091806411743164,1.1001176834106445,2.0
13,1.0939719676971436,1.0996249914169312,5.0
14,0.9700984954833984,1.097870111465454,5.0
15,1.0264283418655396,1.102130651473999,5.0
16,1.150051474571228,1.0978554487228394,3.0
17,0.97044837474823,1.1108535528182983,5.0
18,1.093551754951477,1.1245388984680176,5.0
19,1.1079227924346924,1.1240750551223755,3.0
20,1.1333755254745483,1.1187968254089355,2.0
21,0.9765987396240234,1.0858330726623535,3.0
22,1.1155116558074951,1.1314376592636108,2.0
23,1.0898118019104004,1.1233569383621216,3.0
24,1.0111370086669922,1.1183993816375732,3.0
25,1.0959391593933105,1.115338683128357,5.0
26,1.147335171699524,1.1188982725143433,2.0
27,1.157694935798645,1.1048064231872559,2.0
28,1.108913540840149,1.1216130256652832,3.0
29,1.1097733974456787,1.0863127708435059,4.0
30,0.9429532885551453,1.0645041465759277,4.0
31,1.1287307739257812,1.1457685232162476,4.0
32,0.978136420249939,1.1650346517562866,3.0
33,1.0346932411193848,1.0809361934661865,5.0
34,0.934517502784729,1.170302391052246,5.0
35,1.0238664150238037,1.116827130317688,2.0
36,1.024006962776184,1.05852210521698,2.0
37,0.9929936528205872,1.0711326599121094,4.0
38,1.0292329788208008,1.0436445474624634,2.0
39,1.0877307653427124,1.1705414056777954,3.0
40,1.0713988542556763,1.1539901494979858,4.0
41,1.0650582313537598,1.0309128761291504,2.0
42,1.0456492900848389,1.016789436340332,3.0
43,0.9173955917358398,0.9048687815666199,4.0
44,0.9503157734870911,0.9915075898170471,2.0
45,0.9890094995498657,0.911543607711792,5.0
46,0.9119925498962402,1.0118598937988281,5.0
47,1.0125341415405273,0.9488635063171387,3.0
48,1.0731267929077148,1.151064395904541,3.0
49,0.9306802749633789,1.0653469562530518,4.0
50,0.9071969985961914,1.078263282775879,4.0
51,0.8833785057067871,1.014774203300476,2.0
52,1.0170363187789917,0.9966380596160889,3.0
53,0.8438339233398438,1.1437362432479858,5.0
54,0.9328834414482117,0.9327448010444641,2.0
55,0.9626301527023315,0.8711806535720825,3.0
56,0.8030315637588501,1.6049138307571411,3.0
57,0.9695936441421509,1.4224650859832764,4.0
58,0.7907035946846008,1.1091861724853516,5.0
59,0.9138039946556091,1.5942974090576172,4.0
60,1.0057687759399414,1.0861897468566895,2.0
61,0.9556877613067627,1.1222931146621704,3.0
62,0.8868511915206909,0.818435788154602,3.0
63,0.995871365070343,1.1098690032958984,2.0
64,1.0992642641067505,1.1751147508621216,2.0
65,0.7472044825553894,1.2554863691329956,5.0
66,0.8798735737800598,1.4840558767318726,5.0
67,0.8599584698677063,1.9313780069351196,2.0
68,1.0199419260025024,2.8874452114105225,2.0
69,0.9521126747131348,1.7168184518814087,4.0
70,0.9880795478820801,2.2007784843444824,2.0
71,0.7351556420326233,2.0552635192871094,3.0
72,0.8780015110969543,1.7965143918991089,5.0
73,0.8379923105239868,1.9707252979278564,4.0
74,0.9047749638557434,3.180394411087036,2.0
75,0.9919115304946899,2.790468454360962,2.0
76,0.9529474973678589,1.209611415863037,2.0
77,0.8386026620864868,2.7547261714935303,5.0
78,0.9382779598236084,2.830232858657837,4.0
79,0.8239754438400269,1.3260078430175781,4.0
80,1.0546985864639282,0.9515271186828613,2.0
81,0.7805829644203186,0.9078747034072876,5.0
82,0.7764676213264465,0.831817626953125,4.0
83,0.987582266330719,1.847144365310669,2.0
84,0.8649258613586426,0.9707293510437012,3.0
85,1.083056926727295,1.2788493633270264,3.0
86,0.8519690632820129,0.9671492576599121,4.0
87,0.8049858808517456,1.4478049278259277,2.0
88,0.7867401242256165,1.1785204410552979,5.0
89,0.9101313352584839,0.9575201272964478,3.0
90,0.8782747983932495,0.7974655032157898,5.0
91,0.6522560119628906,0.8619959950447083,4.0
92,0.7918221354484558,1.2034159898757935,4.0
93,0.7089113593101501,0.9813449382781982,5.0
94,0.8964301347732544,0.9330406188964844,2.0
95,0.713373601436615,1.028024673461914,5.0
96,0.8568569421768188,1.0166171789169312,4.0
97,0.798213541507721,1.7051589488983154,2.0
98,0.8389275074005127,1.079977035522461,3.0
99,0.874055027961731,1.4675381183624268,2.0
100,0.6790688633918762,1.3470673561096191,4.0
101,0.7956503629684448,1.1130331754684448,3.0
102,0.7172338962554932,0.8402076959609985,4.0
103,0.8701772093772888,1.48788321018219,5.0
104,0.9140838384628296,1.3414095640182495,3.0
105,0.8084346055984497,0.8457658290863037,2.0
106,0.8566526770591736,0.9763700366020203,5.0
107,0.7201476693153381,0.8831520676612854,3.0
108,0.9445774555206299,0.9674926996231079,5.0
109,0.9649060964584351,1.0191227197647095,2.0
110,0.7632937431335449,0.9632508754730225,2.0
111,1.02037513256073,1.139716386795044,3.0
112,0.8930565714836121,1.2299878597259521,2.0
113,0.8525091409683228,0.8933932185173035,3.0
114,0.6245319247245789,1.1368600130081177,5.0
115,0.7954016327857971,1.0477147102355957,3.0
116,1.112031102180481,0.8531854152679443,3.0
117,1.1093937158584595,0.922454833984375,2.0
118,0.9110493063926697,0.9587907791137695,5.0
119,0.7981303334236145,1.1214019060134888,4.0
120,0.9514139890670776,1.005881905555725,2.0
121,0.7637418508529663,1.4537184238433838,5.0
122,0.8316032886505127,0.6913871169090271,3.0
123,0.93800950050354,1.182202935218811,3.0
124,0.9521570801734924,1.2729498147964478,2.0
125,0.7803844213485718,1.0729012489318848,3.0
126,0.7934088110923767,1.1494656801223755,4.0
127,0.7651138305664062,0.972434937953949,3.0
128,0.8070455193519592,1.1495294570922852,5.0
129,0.7856705784797668,1.123594880104065,2.0
130,0.987598180770874,1.14017653465271,3.0
131,0.8628105521202087,1.1193645000457764,3.0
132,0.903526782989502,1.1803438663482666,3.0
133,0.8172743916511536,1.040405511856079,5.0
134,0.9218915700912476,1.392157793045044,5.0
135,0.7988283038139343,0.9655454158782959,5.0
136,0.6686221957206726,0.8638392090797424,2.0
137,0.9379494786262512,0.9101722836494446,3.0
138,0.6374230980873108,0.8804048299789429,4.0
139,0.7561461329460144,1.005137324333191,2.0
140,0.6320227384567261,1.1439980268478394,2.0
141,0.8839451670646667,0.9779627919197083,2.0
142,0.8247109651565552,1.0359201431274414,5.0
143,0.8285497426986694,1.5708577632904053,2.0
144,0.8520256280899048,1.349968433380127,4.0
145,0.7364529967308044,1.1647663116455078,4.0
146,0.7163909077644348,1.285701036453247,3.0
147,0.867538571357727,0.988497793674469,5.0
148,0.728672981262207,1.2880975008010864,3.0
149,0.9175021648406982,0.8323230743408203,5.0
150,0.6843961477279663,0.7967784404754639,2.0
151,0.7232732176780701,0.8804870247840881,3.0
152,0.6757910251617432,0.7046509385108948,4.0
153,0.5688105225563049,0.978745698928833,4.0
154,1.093461275100708,0.9629398584365845,2.0
155,0.9048482179641724,1.1315242052078247,2.0
156,0.7154094576835632,0.852729082107544,5.0
157,0.7252817153930664,0.851884663105011,2.0
158,0.9808518290519714,0.8360549807548523,3.0
159,0.8368942141532898,0.6493390202522278,3.0
160,0.8898005485534668,1.0206823348999023,5.0
161,0.8976457118988037,0.8105527758598328,5.0
162,0.8585084080696106,0.9203488230705261,4.0
163,0.8275034427642822,0.7411056160926819,2.0
164,1.0797224044799805,1.258044958114624,5.0
165,0.7932630777359009,0.9703424572944641,4.0
166,0.7220578789710999,0.8394479751586914,2.0
167,0.7334235906600952,0.7345165014266968,2.0
168,0.6899030208587646,0.8899157643318176,5.0
169,0.619801938533783,0.7375704646110535,3.0
170,0.7235193252563477,1.0217199325561523,2.0
171,0.6845645308494568,1.2044804096221924,2.0
172,0.6602356433868408,1.026986002922058,2.0
173,0.7922910451889038,0.7796070575714111,5.0
174,0.7966955900192261,0.8735518455505371,4.0
175,0.8363506197929382,0.99738609790802,4.0
176,0.6858615279197693,0.847589373588562,3.0
177,1.0290383100509644,0.8742419481277466,2.0
178,0.6653805375099182,0.895878791809082,5.0
179,0.7413697838783264,0.8639084100723267,4.0
180,0.8687217831611633,1.1188524961471558,3.0
181,0.8760458827018738,1.0785316228866577,4.0
182,0.7514585852622986,0.9598488807678223,2.0
183,0.6021546721458435,1.1162363290786743,3.0
184,0.49209898710250854,1.0095775127410889,5.0
185,0.6972761750221252,0.7828367352485657,5.0
186,0.6681214570999146,0.755622386932373,2.0
187,0.7197116613388062,0.8573662042617798,4.0
188,0.8580537438392639,1.0240099430084229,4.0
189,0.7412033081054688,0.6770315766334534,2.0
190,0.6603534817695618,1.45126473903656,4.0
191,0.7320533990859985,1.55582594871521,4.0
192,0.5972539186477661,1.4493919610977173,4.0
193,0.6428736448287964,1.2003276348114014,2.0
194,0.7161800861358643,1.0149022340774536,4.0
195,0.6564611196517944,1.7596302032470703,5.0
196,0.5563606023788452,0.9977782368659973,3.0
197,0.5093624591827393,0.7850635051727295,5.0
198,0.7162055373191833,0.8394145369529724,5.0
199,0.6413440704345703,1.1661064624786377,5.0
200,0.6038818359375,1.1959105730056763,2.0
201,0.5779744982719421,0.7195411324501038,3.0
202,0.4457888603210449,1.1501778364181519,4.0
203,0.5863229036331177,1.0437639951705933,5.0
204,0.6125909090042114,0.8143698573112488,4.0
205,0.6957362294197083,0.9261763691902161,2.0
206,0.668863832950592,0.9210271835327148,2.0
207,0.7592236995697021,1.1539700031280518,2.0
208,0.6680012345314026,0.9784263372421265,5.0
209,0.5761164426803589,0.873437762260437,5.0
210,0.6921595931053162,0.9698200821876526,4.0
211,0.7212449908256531,0.7928779721260071,2.0
212,0.7804493308067322,1.1147667169570923,4.0
213,0.8291068077087402,0.8910735845565796,2.0
214,0.5875332355499268,0.8143476843833923,2.0
215,0.8313202857971191,1.019408941268921,3.0
216,0.5698555111885071,1.0772714614868164,4.0
217,0.628912627696991,0.9699377417564392,2.0
218,0.6460092663764954,1.2465685606002808,4.0
219,1.087397813796997,0.7351656556129456,3.0
220,0.49632981419563293,1.755350947380066,4.0
221,0.6071078777313232,1.8415899276733398,5.0
222,1.0483587980270386,1.0401525497436523,4.0
223,0.705250084400177,1.0192416906356812,4.0
224,0.5236114263534546,1.7857753038406372,4.0
225,0.5883790254592896,1.6467710733413696,4.0
226,0.793674647808075,2.006563901901245,4.0
227,0.8212718367576599,1.277667760848999,3.0
228,0.6536567807197571,1.0825930833816528,2.0
229,0.695798933506012,1.452250599861145,2.0
230,0.5899467468261719,1.7398170232772827,2.0
231,0.7339718341827393,1.2401983737945557,5.0
232,0.8616078495979309,1.6913588047027588,4.0
233,0.9597036838531494,1.4976210594177246,4.0
234,0.6383940577507019,1.4817982912063599,4.0
235,0.6336820125579834,0.6992945075035095,2.0
236,0.7114239931106567,1.0677194595336914,2.0
237,0.6142101287841797,1.0568732023239136,2.0
238,0.9774328470230103,1.046299934387207,3.0
239,1.0218758583068848,0.9026119709014893,2.0
240,0.8505943417549133,1.1497032642364502,2.0
241,0.6285873651504517,1.2074239253997803,3.0
242,0.6531854271888733,1.4191287755966187,3.0
243,0.8204858303070068,1.1525555849075317,2.0
244,0.6629712581634521,1.2382128238677979,4.0
245,0.5962018966674805,1.7847893238067627,4.0
246,0.4938352406024933,1.7152366638183594,4.0
247,0.957735538482666,1.8381903171539307,3.0
248,0.6663204431533813,1.4389219284057617,2.0
249,0.9135648608207703,1.348758578300476,2.0
250,0.7912286520004272,1.1841787099838257,5.0
251,0.672379732131958,1.0288105010986328,2.0
252,0.6608130931854248,1.1367570161819458,4.0
253,0.6531427502632141,0.7555665373802185,5.0
254,0.7192569375038147,0.7276508212089539,3.0
255,0.7765905857086182,1.2794495820999146,4.0
256,0.8733893036842346,0.8558629751205444,2.0
257,0.7336769700050354,1.0220980644226074,5.0
258,0.7833352088928223,0.8901886940002441,4.0
259,0.6686851382255554,0.8577653169631958,5.0
260,0.6722608804702759,0.928155779838562,4.0
261,0.8324333429336548,1.3379583358764648,5.0
262,0.626880407333374,1.250145435333252,5.0
263,0.6613501310348511,0.5898321270942688,4.0
264,0.8086452484130859,1.3007570505142212,2.0
265,0.6131108403205872,0.7359853982925415,2.0
266,0.8540735244750977,0.7530003786087036,3.0
267,0.6755685806274414,1.0673024654388428,4.0
268,0.9048563241958618,1.262017011642456,2.0
269,0.9021490216255188,1.2810393571853638,5.0
270,0.8122051954269409,0.8807785511016846,2.0
271,0.6308210492134094,0.7313541173934937,3.0
272,0.7272183895111084,0.9436706304550171,5.0
273,0.7687872052192688,0.8784653544425964,4.0
274,0.7935301661491394,1.2662630081176758,4.0
275,0.8808796405792236,1.0829659700393677,2.0
276,0.8239641785621643,1.2666200399398804,4.0
277,0.41450566053390503,0.8812510371208191,3.0
278,0.4160362184047699,1.0210705995559692,4.0
279,0.5396794676780701,0.6056375503540039,5.0
280,0.6091062426567078,1.3767818212509155,4.0
281,0.6005330681800842,0.9920096397399902,4.0
282,0.7261278629302979,1.6107627153396606,3.0
283,0.5749539136886597,1.3008557558059692,2.0
284,0.6992800831794739,1.812273383140564,2.0
285,0.7379519939422607,0.7276558876037598,2.0
286,0.6475028991699219,1.5842974185943604,3.0
287,0.6908652782440186,0.7911301255226135,4.0
288,0.6120202541351318,0.8779685497283936,5.0
289,0.7920680642127991,1.584618091583252,2.0
290,0.6687150597572327,0.989153265953064,3.0
291,0.8512110710144043,1.7311245203018188,5.0
292,0.5886881947517395,1.1934716701507568,2.0
293,0.6708539128303528,1.349136471748352,3.0
294,0.9716861248016357,1.5406700372695923,2.0
295,0.8283025026321411,1.4011452198028564,4.0
296,0.8056870698928833,1.22897207736969,2.0
297,0.7218690514564514,1.5545326471328735,2.0
298,0.8476386070251465,0.7523661255836487,3.0
299,0.48005178570747375,1.08647882938385,4.0
300,0.5485243201255798,0.9903596639633179,4.0
301,0.6936469078063965,2.015259265899658,2.0
302,0.815752387046814,1.6994047164916992,4.0
303,0.6330716013908386,2.517747640609741,5.0
304,0.6239196062088013,0.6274945735931396,2.0
305,0.7355998158454895,1.260668396949768,4.0
306,0.45188891887664795,0.7404482960700989,5.0
307,0.6893250346183777,0.7531571984291077,5.0
308,0.7766311764717102,0.7162588834762573,3.0
309,0.522627592086792,0.9027077555656433,4.0
310,0.7637143135070801,0.7904355525970459,3.0
311,0.7847538590431213,0.7622470855712891,5.0
312,0.7042973041534424,0.8879110813140869,3.0
313,0.7542724609375,0.769209086894989,5.0
314,0.7020065188407898,1.55769944190979,4.0
315,0.5073812007904053,0.8022029399871826,5.0
316,0.5335486531257629,1.1382662057876587,5.0
317,0.7453824281692505,2.159529209136963,3.0
318,0.733906090259552,1.3546518087387085,4.0
319,0.47378331422805786,0.7692251205444336,3.0
320,0.5672757625579834,0.8276197910308838,4.0
321,0.6889345049858093,0.695277988910675,4.0
322,0.6997732520103455,1.020809292793274,3.0
323,0.48531681299209595,0.7203621864318848,5.0
324,0.536328136920929,0.8815006017684937,3.0
325,0.5424286127090454,0.8920902609825134,2.0
326,0.5520823001861572,0.824908971786499,4.0
327,0.7195584177970886,1.4374539852142334,4.0
328,0.636329174041748,0.9206110239028931,4.0
329,0.4480159282684326,1.080995798110962,5.0
330,0.3400840759277344,0.9724749326705933,5.0
331,0.6928459405899048,1.031671404838562,2.0
332,0.4120405316352844,1.5775067806243896,4.0
333,0.5818331837654114,1.6079033613204956,4.0
334,0.6755602955818176,1.325042486190796,3.0
335,0.5309042930603027,1.6335926055908203,3.0
336,0.545139729976654,1.0323160886764526,4.0
337,0.4838483929634094,1.0204129219055176,4.0
338,0.5179413557052612,0.7278711199760437,4.0
339,0.6434537172317505,1.1865501403808594,5.0
340,0.5642765164375305,0.8091884851455688,4.0
341,0.5339930653572083,0.5487390756607056,5.0
342,0.47100403904914856,1.519574761390686,4.0
343,0.6369329690933228,1.1326278448104858,3.0
344,0.5467196106910706,1.5263440608978271,5.0
345,0.6599068641662598,0.7878025770187378,2.0
346,0.417205274105072,1.6215267181396484,4.0
347,0.4113488793373108,0.9018905162811279,5.0
348,0.6686553955078125,1.5159757137298584,3.0
349,0.5173389315605164,2.074350357055664,3.0
350,0.5888253450393677,0.8063027262687683,2.0
351,0.54010009765625,2.533540725708008,5.0
352,0.5194306373596191,1.4290461540222168,2.0
353,0.6729747653007507,1.5886882543563843,3.0
354,0.862907886505127,1.2974916696548462,2.0
355,0.47438472509384155,1.8197581768035889,4.0
356,0.691567599773407,0.8378338813781738,2.0
357,0.4505694508552551,0.9073960781097412,2.0
358,0.3883023262023926,0.5590524673461914,4.0
359,0.4677424430847168,0.8522933721542358,3.0
360,0.5616848468780518,1.271019458770752,3.0
361,0.49894043803215027,0.7207522988319397,3.0
362,0.6175286173820496,1.1875715255737305,4.0
363,0.5361150503158569,0.7769269347190857,3.0
364,0.568492591381073,1.2697795629501343,3.0
365,0.3589070439338684,1.0645617246627808,2.0
366,0.76185542345047,1.3070546388626099,4.0
367,0.5482327938079834,1.3886395692825317,2.0
368,0.4779156446456909,1.4692884683609009,3.0
369,0.7870827913284302,1.1249834299087524,5.0
370,0.37470823526382446,1.244109869003296,5.0
371,0.5500633120536804,0.9982576370239258,4.0
372,0.6152458190917969,1.6877182722091675,3.0
373,0.38459107279777527,0.9864787459373474,4.0
374,0.6738153100013733,0.7926063537597656,3.0
375,0.7880222797393799,1.2199594974517822,4.0
376,0.47411417961120605,0.8221724033355713,5.0
377,0.5231633186340332,0.7629883289337158,5.0
378,0.7017519474029541,1.1777207851409912,2.0
379,0.4717543125152588,0.6956529021263123,3.0
380,0.6497693061828613,1.0697307586669922,5.0
381,0.6550071835517883,1.1286721229553223,5.0
382,0.7669441103935242,1.0505869388580322,4.0
383,0.5081627368927002,1.0574125051498413,5.0
384,0.550574779510498,0.9347448348999023,3.0
385,0.4820340871810913,0.5731173753738403,3.0
386,0.570209264755249,0.8349336981773376,4.0
387,0.5285919904708862,1.6078834533691406,3.0
388,0.7039399147033691,0.9327625036239624,3.0
389,0.43084847927093506,1.3171666860580444,4.0
390,0.5871716737747192,1.3701001405715942,2.0
391,0.6183854341506958,0.830557644367218,5.0
392,0.5847132205963135,0.7743848562240601,2.0
393,0.481953501701355,1.2032005786895752,4.0
394,0.5835432410240173,0.9091583490371704,3.0
395,0.5693246126174927,2.187391757965088,4.0
396,0.5560957789421082,1.4082937240600586,5.0
397,0.6181575655937195,1.5585212707519531,4.0
398,0.5454892516136169,1.873005747795105,5.0
399,0.6388704776763916,1.0307128429412842,3.0
400,0.6354583501815796,1.0750213861465454,4.0
401,0.565088152885437,0.6531162261962891,4.0
402,0.6088131666183472,0.930956244468689,2.0
403,0.4519805908203125,0.6917218565940857,4.0
404,0.938346266746521,1.5388280153274536,2.0
405,1.1708214282989502,1.2332842350006104,2.0
406,0.5050976872444153,0.8966355323791504,3.0
407,0.42362332344055176,0.9304413199424744,4.0
408,0.6660988926887512,0.765940248966217,3.0
409,0.710817277431488,0.981855571269989,2.0
410,0.6633857488632202,2.457012891769409,3.0
411,0.3667623996734619,1.493677020072937,5.0
412,0.5004624724388123,0.7268805503845215,5.0
413,0.6433313488960266,1.2179323434829712,5.0
414,0.4441802203655243,1.3717114925384521,5.0
415,0.5676437020301819,1.826241374015808,2.0
416,0.6658889055252075,1.487429141998291,2.0
417,0.7143559455871582,0.9345839619636536,2.0
418,0.5969391465187073,0.8765552639961243,3.0
419,0.6485336422920227,0.9745215773582458,3.0
420,0.4490320086479187,0.9205184578895569,5.0
421,0.49603551626205444,1.1210774183273315,3.0
422,0.7391375303268433,0.9526379704475403,2.0
423,0.45363849401474,0.9241817593574524,5.0
424,0.7764435410499573,0.9115825891494751,3.0
425,0.6603788137435913,0.6739588379859924,2.0
426,0.5345956087112427,0.8719648122787476,2.0
427,0.8132938742637634,1.5690010786056519,3.0
428,0.5945701003074646,0.6726492047309875,3.0
429,0.5630407929420471,1.5632404088974,5.0
430,0.3288777768611908,0.6491084098815918,4.0
431,0.61083984375,0.8581615686416626,2.0
432,0.5838099122047424,0.809833824634552,4.0
433,0.6188493371009827,0.638820230960846,5.0
434,0.6102578043937683,0.4701908230781555,3.0
435,0.44121459126472473,0.7901159524917603,3.0
436,0.388969361782074,1.005522608757019,5.0
437,0.30979302525520325,0.7303640246391296,4.0
438,0.47051340341567993,0.6868554949760437,3.0
439,0.5692682862281799,0.520695149898529,5.0
440,0.5616338849067688,0.8438446521759033,5.0
441,0.7713385224342346,0.9469292163848877,3.0
442,0.5717410445213318,0.8152309656143188,4.0
443,0.5129742622375488,0.4671652019023895,4.0
444,0.7434147000312805,0.9679458141326904,3.0
445,0.43220531940460205,1.1478997468948364,3.0
446,0.6160893440246582,1.7117334604263306,3.0
447,0.45105981826782227,1.076278567314148,5.0
448,0.34292808175086975,1.1552382707595825,5.0
449,0.4428566098213196,0.6499243974685669,3.0
450,0.341799259185791,1.3883098363876343,3.0
451,0.5489709377288818,0.9417380094528198,4.0
452,0.5935599207878113,0.9937346577644348,4.0
453,0.33638155460357666,0.6219567060470581,3.0
454,0.42683812975883484,0.957008421421051,5.0
455,0.5527209043502808,0.855907678604126,2.0
456,0.5859913229942322,1.3719125986099243,5.0
457,0.6996820569038391,1.3738857507705688,4.0
458,0.4038540720939636,1.5532875061035156,3.0
459,0.6618604063987732,1.7490339279174805,4.0
460,0.5132920145988464,1.2428301572799683,3.0
461,0.597567081451416,1.3596210479736328,3.0
462,0.7133836150169373,1.0089187622070312,3.0
463,0.6646283268928528,0.7630882263183594,5.0
464,0.49534404277801514,0.7420042157173157,2.0
465,0.5393779873847961,0.5559372901916504,3.0
466,0.7229959964752197,1.095964789390564,3.0
467,0.5416535139083862,0.6579787135124207,2.0
468,0.36310872435569763,1.1504051685333252,4.0
469,0.38743463158607483,0.5253459811210632,5.0
470,0.3822992146015167,0.8611384034156799,3.0
471,0.7577700018882751,1.2998006343841553,4.0
472,0.7297924757003784,0.7854708433151245,2.0
473,0.5145195126533508,0.6828824877738953,2.0
474,0.47370314598083496,0.5760399699211121,4.0
475,0.3862246572971344,0.7428072690963745,4.0
476,0.5556904673576355,0.6097341179847717,5.0
477,0.5337383151054382,0.5530655980110168,5.0
478,0.540255069732666,1.1282395124435425,3.0
479,0.5077629089355469,0.7187872529029846,4.0
480,0.6195680499076843,0.9951711893081665,2.0
481,0.43322426080703735,0.7580340504646301,2.0
482,0.8818166851997375,1.0638443231582642,3.0
483,0.4716147184371948,2.4291419982910156,3.0
484,0.4785326421260834,1.0354360342025757,3.0
485,0.5755987167358398,1.309935450553894,4.0
486,0.46548497676849365,0.9039028286933899,4.0
487,0.6775838732719421,0.697032630443573,5.0
488,0.5117617845535278,1.1495243310928345,4.0
489,0.7846034169197083,0.8438336253166199,4.0
490,0.3015875816345215,0.574122428894043,4.0
491,0.6379154324531555,1.2995418310165405,3.0
492,0.838592529296875,1.8277281522750854,2.0
493,0.9907139539718628,1.647843837738037,2.0
494,0.5571694374084473,1.4590798616409302,5.0
495,0.5549777150154114,0.5102741122245789,5.0
496,0.9393336176872253,1.0818601846694946,2.0
497,0.7340415716171265,0.7977601289749146,2.0
498,0.6129006147384644,1.4959660768508911,3.0
499,0.7402878999710083,1.313590168952942,4.0
500,0.43538039922714233,1.2800501585006714,2.0
501,0.2855205237865448,1.0081733465194702,5.0
502,0.39739811420440674,0.9865467548370361,3.0
503,0.4227808117866516,0.680614709854126,2.0
504,0.3702669143676758,0.6852275729179382,5.0
505,0.49409717321395874,0.9630741477012634,2.0
506,0.32114794850349426,0.6653847694396973,4.0
507,0.5749573707580566,1.906227946281433,2.0
508,0.6482783555984497,3.4272964000701904,3.0
509,0.3717626631259918,0.8944264054298401,5.0
510,0.6340119242668152,0.8991681933403015,3.0
511,0.4885006844997406,1.4214709997177124,5.0
512,0.5073385238647461,0.628966748714447,4.0
513,0.39431971311569214,1.1016055345535278,3.0
514,0.5574774146080017,0.7348450422286987,5.0
515,0.7591888308525085,0.6839128732681274,4.0
516,0.5299868583679199,0.7193583846092224,4.0
517,0.44697266817092896,1.5582975149154663,2.0
518,0.4867820143699646,1.1322903633117676,4.0
519,0.49546271562576294,2.3153457641601562,2.0
520,0.39137646555900574,0.827916145324707,5.0
521,0.7998368144035339,1.6990505456924438,3.0
522,0.6777605414390564,2.0016002655029297,2.0
523,0.6818409562110901,1.2489062547683716,2.0
524,0.42982378602027893,1.5206838846206665,4.0
525,0.4169268012046814,1.125133991241455,2.0
526,0.6161060333251953,0.83095383644104,4.0
527,0.7303581833839417,1.1105538606643677,3.0
528,0.5157212018966675,0.9811965227127075,2.0
529,0.6346561908721924,1.2763128280639648,2.0
530,0.5471235513687134,1.1017792224884033,2.0
531,0.5754344463348389,1.8172446489334106,5.0
532,0.33209502696990967,1.4576263427734375,4.0
533,0.39412015676498413,1.4837424755096436,4.0
534,0.5338795185089111,1.2587254047393799,5.0
535,0.5029541254043579,0.9611721038818359,3.0
536,0.5788967609405518,0.6013147234916687,3.0
537,0.7125349044799805,1.627647042274475,5.0
538,0.6347176432609558,0.7473540306091309,3.0
539,0.49876147508621216,0.5565857291221619,2.0
540,0.5178150534629822,1.7724339962005615,5.0
541,0.4266757071018219,1.5841065645217896,2.0
542,0.3674990236759186,1.000497817993164,2.0
543,0.41981831192970276,1.225685954093933,4.0
544,0.5818604826927185,1.2259633541107178,3.0
545,0.864825427532196,1.1161175966262817,2.0
546,0.33195897936820984,1.1444427967071533,4.0
547,0.4103161096572876,0.6682546138763428,5.0
548,0.768863320350647,0.9864866137504578,2.0
549,0.5005216598510742,0.8479250073432922,2.0
550,0.8273938894271851,0.45063868165016174,2.0
551,0.3377414345741272,0.9706888794898987,3.0
552,0.40503013134002686,0.8556299805641174,3.0
553,0.4358829855918884,0.7366741299629211,3.0
554,0.5383920073509216,0.48000502586364746,2.0
555,0.5422379970550537,0.9389204978942871,4.0
556,0.9476432204246521,0.5859992504119873,2.0
557,0.6950886845588684,0.8462661504745483,4.0
558,0.28215155005455017,1.1342382431030273,2.0
559,0.3543667793273926,1.2192471027374268,5.0
560,0.377989798784256,1.728148341178894,3.0
561,0.39933300018310547,0.7799699306488037,2.0
562,0.619745135307312,2.407853126525879,4.0
563,0.3939388692378998,1.0573776960372925,3.0
564,0.4345828592777252,0.9104568958282471,2.0
565,0.645104706287384,1.6641021966934204,3.0
566,0.43123555183410645,1.2778046131134033,2.0
567,0.5596222877502441,1.217761754989624,3.0
568,0.3510674834251404,1.8293665647506714,3.0
569,0.5475720167160034,1.2465620040893555,3.0
570,0.6264400482177734,0.8828873634338379,2.0
571,0.5601246356964111,0.6226083040237427,2.0
572,0.45711591839790344,1.1645009517669678,4.0
573,0.44092103838920593,0.511033296585083,2.0
574,0.5840955972671509,0.9903037548065186,5.0
575,0.509070634841919,1.2202997207641602,5.0
576,0.3450307548046112,0.7950640916824341,3.0
577,0.5586947798728943,0.6692519187927246,5.0
578,0.4114310145378113,1.194040298461914,3.0
579,0.4618539810180664,0.944948136806488,2.0
580,0.6724868416786194,0.8884367346763611,2.0
581,0.3250875174999237,0.8615027666091919,4.0
582,0.5975694060325623,1.1414706707000732,4.0
583,0.35211026668548584,0.8340787887573242,5.0
584,0.5108508467674255,1.0989681482315063,5.0
585,0.8235418200492859,1.3346117734909058,3.0
586,0.5944007039070129,1.0037181377410889,2.0
587,0.6507653594017029,1.5293903350830078,2.0
588,0.541867196559906,1.6675877571105957,3.0
589,0.2862551212310791,1.2544125318527222,2.0
590,0.6447566747665405,1.8518518209457397,4.0
591,0.6814399361610413,1.0094642639160156,4.0
592,0.47630542516708374,1.8695827722549438,4.0
593,0.4719918668270111,2.2914769649505615,4.0
594,0.5090768337249756,1.5400394201278687,2.0
595,0.5497174859046936,1.692678689956665,5.0
596,0.7510132789611816,0.9307321310043335,3.0
597,0.5387617945671082,1.0482194423675537,4.0
598,0.45074355602264404,1.3434264659881592,5.0
599,0.563931941986084,0.882267951965332,3.0
600,1.0544805526733398,1.366909384727478,3.0
601,0.5061579346656799,1.026889443397522,5.0
602,0.7918509840965271,0.9933665990829468,3.0
603,0.40784531831741333,0.8567583560943604,4.0
604,0.6611748933792114,1.384537935256958,5.0
605,0.7544201612472534,0.8650108575820923,5.0
606,0.2742622196674347,1.7149369716644287,4.0
607,0.3466596007347107,1.238419771194458,4.0
608,0.5572203993797302,0.8368497490882874,4.0
609,0.36709946393966675,0.7685439586639404,3.0
610,0.4622620940208435,1.4879159927368164,3.0
611,0.6518979072570801,1.1504194736480713,5.0
612,0.32247912883758545,0.8874191641807556,5.0
613,0.6214723587036133,1.4526344537734985,5.0
614,0.288703590631485,0.9793269038200378,5.0
615,0.8385653495788574,0.8014402389526367,2.0
616,0.30535560846328735,1.0107985734939575,5.0
617,0.521591305732727,1.1512117385864258,2.0
618,0.5658551454544067,0.959178626537323,3.0
619,0.6322779655456543,0.8966062664985657,3.0
620,0.6934906840324402,0.7839702367782593,2.0
621,0.5180569291114807,1.414821982383728,5.0
622,0.3371238708496094,1.269778847694397,5.0
623,0.6245434880256653,0.5627293586730957,2.0
624,0.7442854642868042,1.114898443222046,4.0
625,0.6613621115684509,0.747491717338562,4.0
626,0.39077332615852356,0.7689067721366882,3.0
627,0.28113141655921936,1.0282317399978638,4.0
628,0.3739215135574341,0.6971585750579834,3.0
629,0.3514023423194885,1.1474584341049194,3.0
630,0.7561296820640564,0.7671752572059631,2.0
631,0.48621565103530884,1.2811965942382812,3.0
632,0.5064955353736877,1.1836283206939697,3.0
633,0.4508878290653229,0.8328514099121094,3.0
634,0.5226103663444519,1.1016736030578613,5.0
635,0.7263490557670593,1.574310302734375,3.0
636,0.51661616563797,1.3017566204071045,4.0
637,0.7296192049980164,1.1993680000305176,2.0
638,0.4224819242954254,1.815871000289917,5.0
639,0.4337424337863922,1.048702359199524,3.0
640,0.38042470812797546,1.3086693286895752,2.0
641,0.3797459006309509,0.6749138832092285,2.0
642,0.505642294883728,1.3318836688995361,4.0
643,0.7157326936721802,1.1222851276397705,3.0
644,0.4457470774650574,1.538507342338562,3.0
645,0.5038665533065796,1.5816748142242432,5.0
646,0.5508571267127991,1.3300650119781494,3.0
647,0.42440369725227356,1.231046199798584,2.0
648,0.4264791011810303,0.765296220779419,3.0
649,0.29201844334602356,1.0823209285736084,4.0
650,0.44049739837646484,1.173561930656433,5.0
651,0.3109607994556427,0.8391348719596863,5.0
652,0.4653659462928772,1.5454342365264893,5.0
653,0.5888325572013855,0.6916548013687134,4.0
654,0.31434088945388794,0.9555972814559937,3.0
655,0.398712694644928,1.085949182510376,3.0
656,0.41935789585113525,1.5436527729034424,3.0
657,0.5809444785118103,1.1184910535812378,5.0
658,0.3977685868740082,1.3904669284820557,4.0
659,0.3874633312225342,0.6579970121383667,5.0
660,0.3384334444999695,1.150062084197998,2.0
661,0.30727314949035645,0.8564277291297913,4.0
662,0.265288382768631,0.908275306224823,3.0
663,0.5350768566131592,0.733173131942749,2.0
664,0.4138399064540863,1.731964111328125,4.0
665,0.421936571598053,1.3377102613449097,4.0
666,0.5302737355232239,1.2648924589157104,2.0
667,0.4007278382778168,1.367588758468628,2.0
668,0.4562157392501831,2.23604679107666,2.0
669,0.5310150384902954,1.4099903106689453,5.0
670,0.4138602018356323,1.494516372680664,4.0
671,0.2694176435470581,0.7847451567649841,5.0
672,0.5488899350166321,1.2456680536270142,3.0
673,0.38497453927993774,1.698809266090393,3.0
674,0.6336444616317749,1.4936021566390991,3.0
675,0.7011136412620544,1.4574568271636963,3.0
676,0.8156312704086304,0.9145703911781311,2.0
677,0.5574886798858643,0.8251909017562866,2.0
678,0.6536827087402344,0.6455325484275818,4.0
679,0.3443331718444824,0.8780031204223633,3.0
680,0.434465229511261,0.7883659601211548,5.0
681,0.4081815481185913,0.7327418327331543,3.0
682,0.41564998030662537,0.44652318954467773,2.0
683,0.2505047023296356,0.769673228263855,4.0
684,0.44217175245285034,1.1524640321731567,5.0
685,0.5401536822319031,0.7491201758384705,3.0
686,0.32183966040611267,1.016743540763855,5.0
687,0.5489702224731445,1.197817087173462,2.0
688,0.5347668528556824,0.8065298795700073,3.0
689,0.26770642399787903,0.7013039588928223,3.0
690,0.42687058448791504,2.446820020675659,5.0
691,0.5076439380645752,1.8572876453399658,5.0
692,1.038822889328003,0.9405457973480225,3.0
693,0.614527702331543,1.6954796314239502,5.0
694,0.5054218769073486,1.0794025659561157,4.0
695,0.22435486316680908,0.9186102747917175,5.0
696,0.18364688754081726,1.8815360069274902,4.0
697,0.6031510829925537,1.5384076833724976,3.0
698,0.6260043978691101,1.1528329849243164,2.0
699,0.6593993902206421,1.13241708278656,5.0
700,0.3688972592353821,1.4945073127746582,3.0
701,0.36652395129203796,1.1302905082702637,2.0
702,0.6566731333732605,2.0228140354156494,3.0
703,0.467407763004303,1.3237224817276,5.0
704,0.6259419918060303,1.567331075668335,3.0
705,0.37326210737228394,1.3565418720245361,3.0
706,0.39700090885162354,0.7605008482933044,3.0
707,0.6478553414344788,1.1408014297485352,5.0
708,0.500970721244812,0.8040462732315063,2.0
709,0.4367673397064209,2.3048722743988037,2.0
710,0.34054142236709595,1.6593708992004395,4.0
711,0.4498251676559448,1.0131200551986694,5.0
712,1.1816940307617188,1.9275829792022705,2.0
713,0.5188302993774414,2.022747278213501,2.0
714,0.3329628109931946,1.1917475461959839,2.0
715,1.2134681940078735,1.1987487077713013,3.0
716,0.37120020389556885,1.642653226852417,4.0
717,0.5186580419540405,1.406234860420227,2.0
718,0.31881797313690186,0.8797229528427124,3.0
719,0.8393521308898926,1.0184698104858398,2.0
720,0.3872358202934265,1.4271987676620483,3.0
721,0.5022884607315063,0.7854511737823486,4.0
722,0.6115860342979431,0.6260017156600952,2.0
723,0.8926209211349487,0.9473141431808472,2.0
724,0.6614990830421448,1.0219039916992188,5.0
725,0.34755489230155945,0.8229097723960876,4.0
726,0.5002434253692627,0.9791486263275146,2.0
727,0.4568859338760376,1.963855266571045,5.0
728,0.25969624519348145,0.8290646076202393,4.0
729,0.5224379897117615,0.7112870216369629,2.0
730,0.2527906894683838,1.4393755197525024,3.0
731,0.374789834022522,1.0048348903656006,4.0
732,0.6008548736572266,1.0299415588378906,4.0
733,0.40814438462257385,0.568179726600647,2.0
734,0.28442978858947754,1.445730209350586,5.0
735,0.4626048803329468,0.8544883131980896,2.0
736,0.4513769745826721,0.9570720791816711,4.0
737,0.21599075198173523,0.9679248929023743,4.0
738,0.4109591543674469,0.8180094361305237,3.0
739,0.46177393198013306,1.1435909271240234,2.0
740,0.430522620677948,0.5192750096321106,4.0
741,0.4379817843437195,0.8064035773277283,4.0
742,0.9806873202323914,1.1022995710372925,2.0
743,0.4360179007053375,1.2216635942459106,4.0
744,0.16967564821243286,0.75379478931427,4.0
745,0.5647621154785156,0.9961414337158203,5.0
746,0.2653825879096985,1.039287805557251,4.0
747,0.27093198895454407,0.9160091280937195,3.0
748,0.2942695915699005,1.076825737953186,3.0
749,0.44947561621665955,1.4717774391174316,5.0
750,0.2569960951805115,1.1764253377914429,5.0
751,0.2938675284385681,1.3688908815383911,3.0
752,0.38727402687072754,1.2349966764450073,5.0
753,0.30996230244636536,1.112931489944458,2.0
754,0.26473814249038696,1.0102908611297607,4.0
755,0.39116331934928894,0.7511367797851562,5.0
756,0.4476527273654938,1.0368456840515137,5.0
757,0.3145793080329895,1.1504765748977661,2.0
758,0.8229188323020935,0.8629797101020813,2.0
759,0.36675819754600525,0.6451929807662964,3.0
760,0.24120964109897614,2.5012259483337402,5.0
761,0.42723631858825684,0.9848892688751221,3.0
762,0.2260899841785431,2.5011990070343018,4.0
763,0.4451918601989746,2.086737871170044,3.0
764,0.33575016260147095,1.3601555824279785,5.0
765,0.31017792224884033,1.3049342632293701,3.0
766,0.5505938529968262,1.6662256717681885,3.0
767,0.3627437353134155,1.145803451538086,2.0
768,0.7908556461334229,0.9088382720947266,2.0
769,0.2795642614364624,1.2575488090515137,4.0
770,0.3295409381389618,1.245886206626892,2.0
771,0.37398815155029297,1.019781231880188,2.0
772,0.36574891209602356,0.9047240018844604,4.0
773,0.4541674256324768,0.45262694358825684,2.0
774,0.6369677186012268,0.5066473484039307,4.0
775,0.3578289747238159,0.6203911304473877,4.0
776,0.6479478478431702,1.3013982772827148,3.0
777,0.28679555654525757,1.1058146953582764,4.0
778,0.5378187894821167,2.2497973442077637,5.0
779,0.5596704483032227,0.9467886090278625,3.0
780,0.2630033493041992,1.2452354431152344,2.0
781,0.23862890899181366,0.8250896334648132,4.0
782,0.5631980299949646,0.557622492313385,3.0
783,0.5033359527587891,0.49811673164367676,2.0
784,0.33074888586997986,0.9163408279418945,2.0
785,0.4328620433807373,1.356276035308838,3.0
786,0.527979850769043,0.5194722414016724,2.0
787,1.009117603302002,1.2639589309692383,5.0
788,0.5564243197441101,0.9398972988128662,2.0
789,0.43859443068504333,0.592774510383606,3.0
790,0.3000296354293823,0.987276017665863,2.0
791,0.32486316561698914,0.5325727462768555,5.0
792,0.5101008415222168,0.9401178359985352,4.0
793,0.2966204285621643,1.6404502391815186,3.0
794,0.8302250504493713,0.5908648371696472,2.0
795,0.3193485140800476,1.5488981008529663,4.0
796,0.4478824734687805,2.143995523452759,5.0
797,0.7668896913528442,1.2002474069595337,4.0
798,0.48913031816482544,2.0878992080688477,2.0
799,0.5224287509918213,1.1146934032440186,4.0
800,0.5688580274581909,0.9265930652618408,3.0
801,0.4476378262042999,0.536007285118103,5.0
802,0.3740816116333008,0.750106692314148,5.0
803,0.5918888449668884,1.0088974237442017,2.0
804,0.41781920194625854,1.0460634231567383,4.0
805,0.49750691652297974,0.8914850354194641,2.0
806,0.6590995192527771,1.097801685333252,4.0
807,0.6489288210868835,1.4271312952041626,3.0
808,0.4988640546798706,0.9564200639724731,3.0
809,0.33111104369163513,1.5220762491226196,2.0
810,0.43081316351890564,1.8534601926803589,5.0
811,0.32414036989212036,1.722077488899231,2.0
812,0.5191943645477295,0.8362146615982056,2.0
813,0.20031780004501343,1.3986427783966064,5.0
814,0.28202688694000244,1.0013507604599,5.0
815,0.6082231998443604,0.9583582282066345,2.0
816,0.4176139235496521,0.8262479901313782,2.0
817,0.37241560220718384,0.7188206911087036,3.0
818,0.7622734904289246,0.9317978620529175,4.0
819,0.4485725164413452,1.0607168674468994,5.0
820,0.45724940299987793,1.022947072982788,5.0
821,0.5151131749153137,0.7530443668365479,3.0
822,0.7725854516029358,0.9309121966362,4.0
823,0.40130895376205444,0.7785667777061462,3.0
824,0.5199775099754333,0.8987348079681396,4.0
825,0.4077777564525604,0.9296293258666992,4.0
826,0.4249928891658783,0.731336236000061,5.0
827,0.4059428870677948,0.4563807249069214,2.0
828,0.39301401376724243,0.662376880645752,3.0
829,0.5878435969352722,0.6458250880241394,2.0
830,0.32788777351379395,0.9334977865219116,5.0
831,0.3291975259780884,1.0330634117126465,2.0
832,0.4540632665157318,1.2399667501449585,3.0
833,0.5337567329406738,1.6105438470840454,5.0
834,0.5195926427841187,1.7075581550598145,5.0
835,0.35592758655548096,0.7795847058296204,5.0
836,0.34319454431533813,0.7547456622123718,4.0
837,0.3706023693084717,0.7707220911979675,4.0
838,0.4893685579299927,1.889266848564148,5.0
839,0.2690597176551819,1.3523905277252197,4.0
840,0.3666551411151886,2.0733377933502197,5.0
841,0.6709225177764893,2.5609230995178223,2.0
842,0.3087976574897766,1.4900096654891968,3.0
843,0.4140300750732422,1.0644433498382568,2.0
844,0.759499728679657,0.9540150165557861,2.0
845,0.2909426689147949,1.6491448879241943,3.0
846,0.5482058525085449,1.401170253753662,2.0
847,0.45468345284461975,1.2573175430297852,2.0
848,0.4483698606491089,1.3341411352157593,4.0
849,0.5962916612625122,1.1449412107467651,2.0
850,0.9567528963088989,2.3184640407562256,2.0
851,0.34757524728775024,1.0898945331573486,5.0
852,0.7011050581932068,1.0696821212768555,2.0
853,0.30740225315093994,2.003124237060547,2.0
854,0.2710738182067871,0.7634480595588684,3.0
855,0.32439661026000977,1.0924397706985474,4.0
856,0.5490716695785522,0.7743997573852539,5.0
857,0.41728073358535767,0.7934902906417847,3.0
858,0.22672830522060394,0.5769332647323608,5.0
859,0.5252790451049805,0.8267102837562561,3.0
860,0.41522642970085144,0.7633274793624878,4.0
861,0.4110422134399414,0.8465681076049805,2.0
862,0.6937804222106934,0.7175180315971375,3.0
863,0.6963110566139221,0.7265362739562988,4.0
864,0.3914716839790344,0.8598794341087341,5.0
865,0.37975597381591797,0.4704670011997223,4.0
866,0.2544988989830017,0.684946596622467,4.0
867,0.36676597595214844,1.4353141784667969,5.0
868,0.351855605840683,1.5426349639892578,2.0
869,0.16260263323783875,1.039077877998352,5.0
870,0.6150786280632019,1.0408196449279785,4.0
871,0.2997168004512787,1.6317284107208252,3.0
872,0.2602986693382263,3.2286338806152344,3.0
873,0.4586606025695801,1.0521820783615112,3.0
874,0.6784741878509521,1.6541826725006104,2.0
875,0.4837837815284729,1.1882171630859375,3.0
876,0.4553891122341156,1.184774398803711,2.0
877,0.44319623708724976,1.811834692955017,2.0
878,0.5762169361114502,3.272641658782959,4.0
879,0.5662001967430115,1.3951377868652344,4.0
880,0.4937124252319336,1.1519681215286255,5.0
881,0.44420886039733887,1.6639117002487183,3.0
882,0.37028199434280396,0.6923086047172546,4.0
883,0.20985327661037445,0.8244423270225525,5.0
884,0.6018466949462891,1.4894483089447021,4.0
885,0.4778916835784912,1.1761291027069092,5.0
886,0.21060864627361298,0.9786273241043091,5.0
887,0.31006062030792236,2.1362178325653076,4.0
888,0.3435665965080261,0.976558268070221,5.0
889,0.5867841839790344,2.4182963371276855,2.0
890,0.22222627699375153,1.5687845945358276,2.0
891,0.5053229331970215,1.6108205318450928,4.0
892,0.3039730191230774,0.9191545248031616,4.0
893,0.2795909643173218,1.4692788124084473,5.0
894,0.36627334356307983,2.249744176864624,2.0
895,0.418731689453125,1.1198135614395142,4.0
896,0.49297380447387695,1.0837972164154053,5.0
897,0.3404853045940399,1.7562925815582275,5.0
898,0.47711145877838135,1.2099978923797607,3.0
899,0.19989341497421265,1.274006962776184,4.0
900,0.3494850993156433,0.6551086902618408,2.0
901,0.5216587781906128,0.7079702615737915,4.0
902,0.4238154888153076,1.284203052520752,2.0
903,0.9641885161399841,0.7814435362815857,4.0
904,0.21762369573116302,1.39363431930542,5.0
905,0.24207255244255066,0.8309991955757141,5.0
906,0.33182957768440247,0.8880043625831604,2.0
907,0.5110933780670166,0.5617502927780151,4.0
908,0.6342794299125671,0.49502044916152954,2.0
909,0.1738627701997757,0.9682260751724243,5.0
910,0.22741420567035675,0.9333202838897705,5.0
911,0.32291439175605774,1.0511069297790527,4.0
912,0.7083958387374878,1.4302372932434082,4.0
913,0.30184799432754517,0.5871503353118896,5.0
914,0.49830693006515503,0.5682173371315002,5.0
915,0.49885329604148865,1.12149977684021,4.0
916,0.3365812301635742,1.595253348350525,4.0
917,0.49778953194618225,0.9946703314781189,2.0
918,0.3759828209877014,0.717988133430481,5.0
919,0.4234192669391632,0.6544958353042603,4.0
920,0.15810847282409668,0.5780007243156433,2.0
921,0.2509022355079651,1.0741835832595825,3.0
922,0.3168678283691406,0.8325532674789429,2.0
923,0.34677982330322266,1.1109685897827148,3.0
924,0.3261779248714447,1.494583249092102,4.0
925,0.4447827935218811,2.4301414489746094,3.0
926,0.38395851850509644,1.8530319929122925,4.0
927,0.2600243389606476,1.1188386678695679,5.0
928,0.7003141045570374,2.4051923751831055,5.0
929,0.45064425468444824,1.472104549407959,4.0
930,0.25279852747917175,1.7660375833511353,4.0
931,0.3370702862739563,1.4446829557418823,5.0
932,0.2529391646385193,1.4952222108840942,5.0
933,0.26597297191619873,1.8301798105239868,5.0
934,0.20505866408348083,1.5299919843673706,5.0
935,0.258076548576355,1.4462544918060303,4.0
936,0.3690841794013977,1.0947133302688599,4.0
937,0.3991977572441101,0.6847829818725586,4.0
938,0.37735968828201294,1.2964136600494385,2.0
939,0.4121866226196289,1.0867829322814941,4.0
940,0.6988023519515991,0.8521794676780701,2.0
941,0.18685485422611237,0.6520636081695557,4.0
942,0.572623074054718,0.49049943685531616,3.0
943,0.4359552562236786,0.8528926968574524,2.0
944,0.35088807344436646,1.6323062181472778,5.0
945,0.3802885413169861,0.6315325498580933,4.0
946,0.4592245817184448,1.015838861465454,3.0
947,0.45393532514572144,1.2290058135986328,2.0
948,0.6420833468437195,0.7660341858863831,2.0
949,0.2927134037017822,0.8535571098327637,4.0
950,0.41585344076156616,0.8103916645050049,5.0
951,0.22245971858501434,0.8061104416847229,5.0
952,0.33339887857437134,0.8510457277297974,4.0
953,0.258185476064682,2.7462165355682373,2.0
954,0.5799207091331482,3.2749876976013184,2.0
955,0.7111267447471619,2.383394956588745,5.0
956,0.21153296530246735,1.0034606456756592,5.0
957,0.5113470554351807,3.7096142768859863,2.0
958,0.5387597680091858,1.100492000579834,3.0
959,0.38743776082992554,2.658691644668579,3.0
960,0.6012311577796936,2.0191128253936768,2.0
961,0.27884840965270996,2.146411418914795,4.0
962,0.48220449686050415,0.8601014018058777,2.0
963,0.34089168906211853,0.5642712712287903,5.0
964,0.49980857968330383,1.0581274032592773,4.0
965,0.4778444170951843,0.6744852662086487,2.0
966,0.8015942573547363,1.4331841468811035,2.0
967,0.5309416055679321,1.0278103351593018,2.0
968,0.588219940662384,1.096799612045288,4.0
969,0.38220036029815674,0.7950694561004639,5.0
970,0.40787646174430847,0.5922415256500244,3.0
971,0.4864683151245117,1.010140299797058,4.0
972,0.5417818427085876,0.9361727237701416,3.0
973,0.34440872073173523,0.6072144508361816,5.0
974,0.3479022979736328,0.8624612092971802,3.0
975,0.1614028662443161,1.3228024244308472,4.0
976,0.5167060494422913,0.733465850353241,3.0
977,0.16570642590522766,1.111690640449524,5.0
978,0.35443392395973206,0.963049590587616,3.0
979,0.3843786120414734,0.9567675590515137,3.0
980,0.43195608258247375,1.2252404689788818,3.0
981,0.20688793063163757,0.8299738764762878,3.0
982,0.9257488250732422,0.6961978673934937,2.0
983,0.5916706919670105,1.4862501621246338,2.0
984,0.5465766191482544,0.767394483089447,2.0
985,0.22313359379768372,0.7926919460296631,5.0
986,0.19384117424488068,0.9650919437408447,5.0
987,0.6105232238769531,0.7549940347671509,3.0
988,0.4128457307815552,1.559863805770874,2.0
989,0.5284003019332886,1.1371325254440308,4.0
990,0.3003285229206085,1.0027458667755127,5.0
991,0.3296513855457306,1.4098482131958008,2.0
992,0.39398258924484253,1.4515210390090942,4.0
993,0.456309050321579,0.7050778865814209,5.0
994,0.265817791223526,1.4251023530960083,5.0
995,0.46958765387535095,1.523410677909851,3.0
996,0.2738844156265259,1.065955400466919,5.0
997,0.298284649848938,1.432708740234375,5.0
998,0.4525453746318817,1.4322181940078735,2.0
999,0.5672639608383179,1.4721312522888184,3.0
1000,0.2933298349380493,1.3587278127670288,3.0
1001,0.487338125705719,0.9326373338699341,4.0
1002,0.4510035812854767,0.7482450604438782,5.0
1003,0.5838149785995483,0.9958618879318237,2.0
1004,0.5657026171684265,1.3216819763183594,4.0
1005,0.4819028973579407,1.523057460784912,2.0
1006,0.36313819885253906,1.3122503757476807,4.0
1007,0.2698487937450409,1.7356411218643188,2.0
1008,0.5009016990661621,1.8707408905029297,5.0
1009,0.16746807098388672,1.998861312866211,5.0
1010,0.5462140440940857,2.020534038543701,2.0
1011,0.4155643880367279,1.7560899257659912,5.0
1012,0.4649043679237366,0.6406185030937195,2.0
1013,0.31346574425697327,1.6856786012649536,2.0
1014,0.2614307999610901,0.8733727931976318,3.0
1015,0.39192426204681396,1.2306519746780396,4.0
1016,0.3912883400917053,0.7265013456344604,2.0
1017,0.5486699342727661,1.0019372701644897,2.0
1018,0.4244362711906433,0.8824602365493774,4.0
1019,0.1764121651649475,0.7797284722328186,5.0
1020,0.2881987988948822,1.6028969287872314,3.0
1021,0.3917269706726074,0.9521877765655518,3.0
1022,0.5999276638031006,1.0663456916809082,2.0
1023,0.4695781171321869,1.2149661779403687,2.0
1024,0.3835590183734894,0.7749989628791809,2.0
1025,0.27974921464920044,1.311955213546753,3.0
1026,0.21207597851753235,1.0221060514450073,4.0
1027,0.22027291357517242,1.4382424354553223,5.0
1028,0.26002082228660583,0.5221939086914062,4.0
1029,0.27017831802368164,0.41423672437667847,3.0
1030,0.4401695132255554,0.6244311928749084,3.0
1031,0.500196099281311,0.7852829694747925,3.0
1032,0.365287721157074,0.6426159739494324,3.0
1033,0.3777298331260681,0.7474716901779175,4.0
1034,0.610267698764801,1.2395819425582886,4.0
1035,0.23294439911842346,1.4031225442886353,5.0
1036,0.4624824821949005,0.8728013038635254,5.0
1037,0.35390815138816833,0.9562829732894897,5.0
1038,0.6011043787002563,0.9165189266204834,3.0
1039,0.3882766366004944,1.0299628973007202,5.0
1040,0.37578657269477844,0.9883216619491577,4.0
1041,0.6971988081932068,0.8033244609832764,2.0
1042,0.2406020611524582,0.6975957155227661,4.0
1043,0.3824336528778076,1.0821353197097778,2.0
1044,0.6099734306335449,0.59088134765625,4.0
1045,0.1875024139881134,1.1257799863815308,3.0
1046,0.3616994023323059,0.7424485683441162,3.0
1047,0.3695176839828491,0.9047437906265259,4.0
1048,0.19374696910381317,0.8688777089118958,3.0
1049,0.1504065990447998,0.9274640083312988,4.0
1050,0.47008216381073,2.4902098178863525,5.0
1051,0.3026927709579468,2.288565158843994,5.0
1052,0.3128654360771179,0.8163795471191406,5.0
1053,0.7709948420524597,2.44693922996521,2.0
1054,0.35838186740875244,1.762475848197937,4.0
1055,0.469280481338501,2.4219624996185303,4.0
1056,0.4330078065395355,1.130191445350647,2.0
1057,0.4419393539428711,1.5185050964355469,3.0
1058,0.48676368594169617,0.972263753414154,4.0
1059,0.5960960388183594,1.2994695901870728,3.0
1060,0.47259050607681274,1.8557593822479248,5.0
1061,0.270504355430603,0.22526592016220093,4.0
1062,0.2654685378074646,2.5829524993896484,5.0
1063,0.6260498762130737,1.4282550811767578,2.0
1064,0.4822261333465576,0.8382701873779297,2.0
1065,0.6138827800750732,0.9975401163101196,4.0
1066,0.5119567513465881,0.522278368473053,2.0
1067,0.27019453048706055,0.4505676031112671,2.0
1068,0.264648973941803,1.2044992446899414,4.0
1069,0.3984541893005371,0.7922002077102661,2.0
1070,0.5761080384254456,1.649569034576416,2.0
1071,0.41013407707214355,1.0528160333633423,2.0
1072,0.5896008014678955,2.196472406387329,4.0
1073,0.7566176056861877,0.947160005569458,2.0
1074,0.46685996651649475,2.5931835174560547,3.0
1075,0.33985644578933716,3.4946765899658203,3.0
1076,0.24581030011177063,1.266390085220337,3.0
1077,0.2676337957382202,1.8782082796096802,2.0
1078,0.2650367021560669,2.332578182220459,5.0
1079,0.32447582483291626,1.7797744274139404,3.0
1080,0.47556740045547485,0.8017959594726562,5.0
1081,0.4237769842147827,0.5558256506919861,2.0
1082,0.6027431488037109,1.1680647134780884,4.0
1083,0.3618362545967102,1.7916532754898071,3.0
1084,0.40646469593048096,2.0227243900299072,5.0
1085,0.11009080708026886,0.7682608366012573,5.0
1086,0.34903958439826965,0.8136569261550903,3.0
1087,0.44645053148269653,1.2721717357635498,2.0
1088,0.3895528316497803,0.9123498797416687,2.0
1089,0.4033800959587097,1.5038597583770752,2.0
1090,0.2185593694448471,0.8377432823181152,5.0
1091,0.4539892077445984,1.018756628036499,3.0
1092,0.64952152967453,1.1404739618301392,4.0
1093,0.3360147476196289,0.9926745891571045,5.0
1094,0.2757316827774048,1.4641183614730835,3.0
1095,0.34707868099212646,0.4331977665424347,4.0
1096,0.3717881739139557,1.0349820852279663,5.0
1097,0.6268700361251831,0.8880628347396851,5.0
1098,0.19163115322589874,1.186947226524353,4.0
1099,0.47742798924446106,1.3374104499816895,4.0
1100,0.4165360927581787,1.6782809495925903,5.0
1101,0.4400489032268524,1.366239070892334,4.0
1102,0.6210054159164429,1.3432648181915283,4.0
1103,0.6187447905540466,0.5543696880340576,3.0
1104,0.49339890480041504,1.1049091815948486,3.0
1105,0.9097241759300232,1.2654341459274292,2.0
1106,0.36017537117004395,0.9660717248916626,3.0
1107,0.37237119674682617,0.8964673280715942,4.0
1108,0.30617883801460266,1.2956370115280151,3.0
1109,0.2003674954175949,1.743965983390808,5.0
1110,0.5575888156890869,1.159472942352295,5.0
1111,0.9484156370162964,1.4567995071411133,2.0
1112,0.35912397503852844,1.5340694189071655,5.0
1113,0.7749927043914795,1.3333783149719238,3.0
1114,0.3624558746814728,1.0484732389450073,4.0
1115,0.26808345317840576,1.418003797531128,5.0
1116,0.8160156011581421,1.2411869764328003,3.0
1117,0.5191161632537842,1.480609655380249,3.0
1118,0.49507075548171997,1.3588752746582031,4.0
1119,0.26629552245140076,1.3606290817260742,5.0
1120,0.40197357535362244,1.1322211027145386,5.0
1121,0.38505953550338745,0.8941013813018799,2.0
1122,0.3575563430786133,0.8246240019798279,4.0
1123,0.35799288749694824,0.8556147813796997,4.0
1124,0.301968514919281,0.9539403319358826,4.0
1125,0.2640053629875183,0.8253735303878784,5.0
1126,0.2775229513645172,0.9755721688270569,3.0
1127,0.33171918988227844,1.3901071548461914,3.0
1128,0.31394466757774353,1.0994839668273926,5.0
1129,0.42643308639526367,0.7412383556365967,4.0
1130,0.31192469596862793,0.9988017082214355,4.0
1131,0.6589651703834534,0.7128335237503052,3.0
1132,0.30700403451919556,0.8093414306640625,2.0
1133,0.6217451691627502,1.0069608688354492,3.0
1134,0.48615071177482605,0.7519846558570862,3.0
1135,0.7533594965934753,1.1731075048446655,2.0
1136,0.5247466564178467,0.9938735961914062,5.0
1137,0.5515406131744385,1.2598016262054443,2.0
1138,0.2733749747276306,1.3635294437408447,4.0
1139,0.4471002221107483,0.6774856448173523,2.0
1140,0.2855148911476135,1.3372502326965332,2.0
1141,0.41102445125579834,0.21254950761795044,5.0
1142,0.1393810212612152,0.9539328217506409,5.0
1143,0.34477072954177856,1.0931404829025269,3.0
1144,0.2764882743358612,1.0993369817733765,4.0
1145,0.3998424708843231,1.0835336446762085,5.0
1146,0.7632407546043396,1.130819320678711,3.0
1147,0.14199595153331757,0.7968314290046692,5.0
1148,0.5117058753967285,0.9766482710838318,2.0
1149,0.27912700176239014,1.4604167938232422,2.0
1150,0.9099756479263306,1.3298900127410889,2.0
1151,0.5760465860366821,1.6541868448257446,2.0
1152,0.543009877204895,2.3275246620178223,3.0
1153,0.3762761652469635,1.1185070276260376,2.0
1154,0.4715237021446228,1.8111565113067627,4.0
1155,0.3698464632034302,1.4731806516647339,2.0
1156,0.3014165461063385,1.5926682949066162,5.0
1157,0.2679096758365631,1.2667487859725952,4.0
1158,0.3107593059539795,1.9956637620925903,4.0
1159,0.5937409400939941,1.228931188583374,3.0
1160,0.3290221095085144,1.0610393285751343,4.0
1161,0.37146738171577454,1.2331135272979736,4.0
1162,0.7913392186164856,0.9742588996887207,2.0
1163,0.5647932291030884,0.6544703841209412,4.0
1164,0.22281387448310852,1.0258268117904663,5.0
1165,0.23949605226516724,0.7088593244552612,3.0
1166,0.5003111958503723,0.37462618947029114,3.0
1167,0.433815062046051,0.6607421636581421,4.0
1168,0.45947524905204773,1.1097127199172974,3.0
1169,0.4724401533603668,0.7848798632621765,3.0
1170,0.4703824520111084,1.2075130939483643,2.0
1171,0.8943515419960022,0.7356549501419067,5.0
1172,0.2375102937221527,0.7849564552307129,5.0
1173,0.1939041018486023,0.3809005618095398,5.0
1174,0.8736220598220825,0.7139354944229126,4.0
1175,0.6203768253326416,1.6791293621063232,2.0
1176,0.2376788854598999,1.7921336889266968,3.0
1177,0.30002909898757935,2.27101993560791,4.0
1178,0.36263489723205566,1.5698940753936768,5.0
1179,0.6495733261108398,0.9183648824691772,3.0
1180,0.3789929151535034,0.989978551864624,3.0
1181,0.4989195466041565,0.9896882772445679,2.0
1182,0.3725080192089081,0.8187215924263,4.0
1183,0.628557562828064,1.0059939622879028,3.0
1184,0.2670024037361145,1.373612880706787,5.0
1185,0.2353983074426651,1.349060297012329,5.0
1186,0.5609974265098572,2.036156415939331,5.0
1187,0.3559870421886444,1.0516947507858276,5.0
1188,0.4155595004558563,1.528010606765747,5.0
1189,0.38572442531585693,1.7062909603118896,3.0
1190,0.32683485746383667,1.439107060432434,4.0
1191,0.5966331958770752,1.37530517578125,4.0
1192,0.9683083891868591,1.096738338470459,2.0
1193,0.3833979368209839,1.5683722496032715,5.0
1194,0.22652247548103333,0.8467929363250732,4.0
1195,0.4794291853904724,1.165604829788208,3.0
1196,0.2393835335969925,2.168959379196167,4.0
1197,0.40729331970214844,3.0389373302459717,3.0
1198,0.2886756956577301,1.182838797569275,5.0
1199,0.5878369212150574,1.1180148124694824,4.0
1200,0.27031445503234863,2.2286791801452637,3.0
1201,0.767619788646698,0.9234827756881714,4.0
1202,0.41015422344207764,0.9199280738830566,3.0
1203,0.2181490808725357,0.9943487644195557,5.0
1204,0.27757516503334045,0.6245793700218201,3.0
1205,0.20862500369548798,1.8400044441223145,3.0
1206,0.18621984124183655,0.5463266372680664,5.0
1207,0.2611139416694641,0.9556788206100464,3.0
1208,0.30468276143074036,0.5036852359771729,2.0
1209,0.26241958141326904,1.4774441719055176,5.0
1210,0.24469619989395142,0.7283065319061279,4.0
1211,0.4842413663864136,0.7308468222618103,2.0
1212,0.37007856369018555,1.8569985628128052,3.0
1213,0.30526286363601685,0.8056936860084534,3.0
1214,0.42443394660949707,0.9821184277534485,4.0
1215,0.29241031408309937,1.041560411453247,5.0
1216,0.3255499303340912,0.8209867477416992,2.0
1217,0.399685800075531,0.7698415517807007,5.0
1218,0.2208538055419922,0.5845860242843628,4.0
1219,0.25765901803970337,1.3990815877914429,5.0
1220,0.3610347509384155,1.006285548210144,3.0
1221,0.3500809669494629,1.5490760803222656,5.0
1222,0.26942890882492065,1.5467877388000488,5.0
1223,0.19393537938594818,1.6481413841247559,4.0
1224,0.4699133038520813,1.1531872749328613,2.0
1225,0.43966594338417053,0.7657243013381958,3.0
1226,0.42221957445144653,0.9705684781074524,4.0
1227,0.3079633414745331,0.9402101039886475,4.0
1228,0.44762077927589417,1.1244386434555054,2.0
1229,0.21965646743774414,0.6323440074920654,3.0
1230,0.19488811492919922,1.454393982887268,5.0
1231,0.29972392320632935,0.6301813125610352,4.0
1232,0.37435394525527954,0.6860018968582153,4.0
1233,0.5996568202972412,1.4940967559814453,2.0
1234,0.3410607576370239,1.361216425895691,4.0
1235,0.7455819845199585,0.8119974136352539,2.0
1236,0.36258015036582947,0.6447300910949707,2.0
1237,0.3672260344028473,1.2318633794784546,2.0
1238,0.2899889051914215,0.8812893629074097,3.0
1239,0.50923752784729,1.118032693862915,2.0
1240,0.2759093642234802,1.2287672758102417,5.0
1241,0.17602935433387756,0.8937415480613708,4.0
1242,0.31350481510162354,1.9530029296875,5.0
1243,0.42694801092147827,1.1944690942764282,4.0
1244,0.24510473012924194,1.0050771236419678,4.0
1245,0.3813026547431946,1.2007927894592285,2.0
1246,0.3059292733669281,1.8170201778411865,3.0
1247,0.21453778445720673,0.9769193530082703,4.0
1248,0.4427488446235657,1.9459456205368042,2.0
1249,0.22594411671161652,0.6953285932540894,5.0
1250,0.4441640377044678,0.93996262550354,5.0
1251,0.1935029774904251,1.0606553554534912,5.0
1252,0.16792507469654083,0.8099038004875183,3.0
1253,0.3438868820667267,0.7617228627204895,2.0
1254,0.33212485909461975,0.7733179330825806,3.0
1255,0.4126702845096588,1.2736213207244873,5.0
1256,0.49504944682121277,0.5892558693885803,5.0
1257,0.341274619102478,0.9811077117919922,3.0
1258,0.6492639780044556,2.1709647178649902,4.0
1259,0.19624797999858856,1.9777345657348633,2.0
1260,0.16834810376167297,0.943838894367218,3.0
1261,0.5946058630943298,2.0232975482940674,2.0
1262,0.35538235306739807,0.6476691365242004,2.0
1263,0.36029160022735596,1.2018744945526123,4.0
1264,0.30184465646743774,0.9332578778266907,5.0
1265,0.24268412590026855,1.6859409809112549,4.0
1266,0.353191614151001,1.1058272123336792,2.0
1267,0.5240498185157776,1.6420903205871582,2.0
1268,0.29765254259109497,0.7509665489196777,3.0
1269,0.2498563826084137,1.2399004697799683,3.0
1270,0.17095805704593658,1.2425400018692017,4.0
1271,0.22801998257637024,0.4382299780845642,2.0
1272,0.499248743057251,1.0446662902832031,3.0
1273,0.5236868262290955,1.2826802730560303,4.0
1274,0.17605306208133698,1.6329928636550903,5.0
1275,0.37034282088279724,0.70084148645401,5.0
1276,0.3743464946746826,0.7392691969871521,3.0
1277,0.36440253257751465,1.054479718208313,3.0
1278,0.25121432542800903,0.6196967363357544,5.0
1279,0.35413122177124023,1.0942751169204712,5.0
1280,0.7169845700263977,0.7291582226753235,3.0
1281,0.29954075813293457,1.8437831401824951,5.0
1282,0.30971449613571167,1.1374214887619019,4.0
1283,0.4334985613822937,1.89300537109375,2.0
1284,0.21711072325706482,0.9542430639266968,5.0
1285,0.34055885672569275,1.3749067783355713,5.0
1286,0.5631853938102722,1.3358986377716064,5.0
1287,0.20722533762454987,1.9289292097091675,4.0
1288,0.491482675075531,1.6256859302520752,5.0
1289,0.31902241706848145,1.0324888229370117,4.0
1290,0.10187757760286331,0.9408509135246277,4.0
1291,0.3727191090583801,0.8894402384757996,2.0
1292,0.2753552198410034,1.0881595611572266,5.0
1293,0.14552780985832214,0.8884490728378296,5.0
1294,0.7228664755821228,0.9154666066169739,3.0
1295,0.23953372240066528,1.21920907497406,5.0
1296,0.2771416902542114,0.9547510147094727,5.0
1297,0.34105661511421204,0.905656099319458,3.0
1298,0.34691113233566284,0.8652147054672241,4.0
1299,0.25884777307510376,1.7485278844833374,3.0
1300,0.3516428768634796,0.7345778942108154,2.0
1301,0.25935035943984985,0.888385534286499,3.0
1302,0.48781657218933105,1.1309592723846436,3.0
1303,0.4038226306438446,0.9163981676101685,3.0
1304,0.11017682403326035,1.205967903137207,4.0
1305,0.5546267032623291,1.0801526308059692,2.0
1306,0.21895956993103027,0.661657452583313,5.0
1307,0.4531375765800476,1.0037524700164795,2.0
1308,0.2726801633834839,1.1481430530548096,4.0
1309,0.22006286680698395,1.1634645462036133,3.0
1310,0.273693323135376,1.4615572690963745,5.0
1311,0.12830489873886108,1.3111916780471802,4.0
1312,0.39068856835365295,0.9787023067474365,4.0
1313,0.290004700422287,1.9331626892089844,3.0
1314,0.3564373850822449,1.5740272998809814,5.0
1315,0.2793561816215515,1.1789594888687134,5.0
1316,0.7528300881385803,0.767389714717865,2.0
1317,0.6599348187446594,1.00899076461792,2.0
1318,0.09599955379962921,0.47372016310691833,5.0
1319,0.2879883944988251,0.7773796916007996,3.0
1320,0.2832867205142975,1.054579257965088,4.0
1321,0.31279420852661133,0.7443844676017761,4.0
1322,0.38053303956985474,0.8418218493461609,2.0
1323,0.20942893624305725,0.9937419891357422,3.0
1324,0.3357880115509033,0.9352301359176636,3.0
1325,0.2421799600124359,0.7112172245979309,5.0
1326,0.5373052954673767,0.7273265719413757,2.0
1327,0.2365330308675766,1.1025171279907227,5.0
1328,0.30172860622406006,1.2417994737625122,4.0
1329,0.26836973428726196,1.126922369003296,3.0
1330,0.30739685893058777,1.24048912525177,2.0
1331,0.14572559297084808,0.6075801849365234,3.0
1332,0.4680124521255493,1.2050882577896118,2.0
1333,0.26560330390930176,0.6647951006889343,3.0
1334,0.48840558528900146,1.179713487625122,4.0
1335,0.4104315936565399,0.8063166737556458,5.0
1336,0.3293164074420929,1.3113864660263062,2.0
1337,0.5517455339431763,1.1462322473526,5.0
1338,0.6180371046066284,0.9880468845367432,3.0
1339,0.30350786447525024,0.37903904914855957,3.0
1340,0.4407504200935364,0.7983236312866211,4.0
1341,0.3305092751979828,0.9239439368247986,5.0
1342,0.23757240176200867,0.7515707612037659,3.0
1343,0.23411668837070465,1.0651220083236694,5.0
1344,0.45999425649642944,0.9822766780853271,2.0
1345,0.153392493724823,0.44424334168434143,5.0
1346,0.27922436594963074,0.8874108195304871,5.0
1347,0.1419418901205063,1.3710503578186035,5.0
1348,0.32768580317497253,0.6997750997543335,2.0
1349,0.581426739692688,1.0718815326690674,2.0
1350,0.36076846718788147,0.5946007966995239,2.0
1351,0.12037990242242813,0.9001556634902954,5.0
1352,0.3158085346221924,1.04571533203125,4.0
1353,0.3686143755912781,0.7630156874656677,5.0
1354,0.2020256370306015,0.655238151550293,5.0
1355,0.6966496706008911,0.9865745902061462,4.0
1356,0.22233843803405762,0.9192562103271484,2.0
1357,0.6060941815376282,0.9014849662780762,2.0
1358,0.18495456874370575,0.9040193557739258,5.0
1359,0.18941088020801544,0.7141526937484741,4.0
1360,0.3594065010547638,1.1015130281448364,2.0
1361,0.3059403896331787,1.3777260780334473,3.0
1362,0.34487730264663696,0.6920271515846252,5.0
1363,0.4086470305919647,0.8630162477493286,2.0
1364,0.23861028254032135,0.8797469139099121,3.0
1365,0.6041334867477417,1.181502103805542,3.0
1366,0.320002019405365,0.8835812211036682,4.0
1367,0.36292582750320435,1.2045257091522217,5.0
1368,0.3821052312850952,0.9985694885253906,2.0
1369,0.41517770290374756,0.9739165902137756,2.0
1370,0.3534262180328369,0.5883466005325317,2.0
1371,0.14720529317855835,1.1033824682235718,3.0
1372,0.22253647446632385,0.6282644867897034,5.0
1373,0.4066281318664551,0.8454387784004211,2.0
1374,0.3542567491531372,0.696520209312439,2.0
1375,0.14704540371894836,0.7843305468559265,3.0
1376,0.24618634581565857,0.6083388924598694,5.0
1377,0.2799413502216339,0.9768571257591248,4.0
1378,0.34908872842788696,0.5011666417121887,3.0
1379,0.17672985792160034,0.9088605642318726,5.0
1380,0.15279054641723633,0.5499671101570129,5.0
1381,0.3178471624851227,0.7814093828201294,4.0
1382,0.14638373255729675,0.5988548994064331,5.0
1383,0.1456233263015747,0.735112726688385,5.0
1384,0.1352321058511734,1.6859668493270874,3.0
1385,0.21841825544834137,1.7138761281967163,3.0
1386,0.21649664640426636,1.134859323501587,4.0
1387,0.2709800601005554,1.0863943099975586,4.0
1388,0.10485143959522247,0.9175798892974854,5.0
1389,0.4801086187362671,0.845381498336792,3.0
1390,0.1059129387140274,0.6109963655471802,5.0
1391,0.1749488264322281,0.8080042600631714,5.0
1392,0.27260512113571167,1.0348585844039917,5.0
1393,0.2165977507829666,0.40309804677963257,5.0
1394,0.19101189076900482,1.8307632207870483,3.0
1395,0.20793110132217407,1.9943500757217407,5.0
1396,0.2854105830192566,0.5019146800041199,2.0
1397,0.3614599406719208,2.0613784790039062,5.0
1398,0.27456894516944885,0.6492745876312256,5.0
1399,0.26252737641334534,0.5530176758766174,2.0
1400,0.4919973313808441,0.8871296048164368,5.0
1401,0.26113468408584595,1.1421713829040527,4.0
1402,0.41196203231811523,0.7741907835006714,3.0
1403,0.3709563612937927,0.8744765520095825,4.0
1404,0.33303695917129517,1.4536558389663696,3.0
1405,0.262525737285614,0.5121901631355286,2.0
1406,0.31296107172966003,0.9664744138717651,5.0
1407,0.48529642820358276,0.9745544195175171,5.0
1408,0.5148255228996277,1.9686731100082397,5.0
1409,0.14157280325889587,1.7749884128570557,4.0
1410,0.7434713840484619,0.40201517939567566,3.0
1411,0.19120487570762634,1.370626449584961,5.0
1412,0.6757063865661621,1.7574039697647095,2.0
1413,0.6608721017837524,1.1031370162963867,5.0
1414,0.6958175301551819,1.7321350574493408,4.0
1415,0.29131007194519043,1.2267485857009888,5.0
1416,0.8210735321044922,0.8915912508964539,2.0
1417,0.1698482781648636,1.1161770820617676,3.0
1418,0.5011783838272095,0.4396864175796509,3.0
1419,0.2858790457248688,1.2557588815689087,5.0
1420,0.20707592368125916,0.9451393485069275,5.0
1421,0.34211671352386475,0.7145812511444092,2.0
1422,0.6723135709762573,0.6400437355041504,2.0
1423,0.3922455906867981,1.1857668161392212,3.0
1424,0.8619066476821899,0.7171611189842224,3.0
1425,0.35015031695365906,0.9720166921615601,2.0
1426,0.30465468764305115,1.8822479248046875,3.0
1427,0.27948105335235596,1.0696589946746826,2.0
1428,0.4417310059070587,1.7050020694732666,5.0
1429,0.40374377369880676,0.6319023370742798,4.0
1430,0.21591687202453613,1.3332419395446777,5.0
1431,0.15940965712070465,1.4367256164550781,5.0
1432,0.7907013297080994,1.6659973859786987,3.0
1433,0.13516008853912354,0.8533810377120972,4.0
1434,0.6450655460357666,0.9992431998252869,2.0
1435,0.3276914060115814,1.0343436002731323,2.0
1436,0.45195573568344116,1.9907063245773315,4.0
1437,0.18466602265834808,0.8738037943840027,5.0
1438,0.20408391952514648,1.7807841300964355,5.0
1439,0.4825744032859802,1.5788445472717285,2.0
1440,0.27378013730049133,0.5999743938446045,4.0
1441,0.2669644355773926,0.8948323130607605,3.0
1442,0.37660419940948486,0.9003777503967285,3.0
1443,0.4551548361778259,1.54390549659729,5.0
1444,0.08560974895954132,0.6652156114578247,5.0
1445,0.2277897745370865,0.55377596616745,5.0
1446,0.27792415022850037,0.36932384967803955,5.0
1447,0.3717987835407257,0.4668703079223633,3.0
1448,0.5047072768211365,0.538802981376648,4.0
1449,0.3746461272239685,0.7030661106109619,3.0
1450,0.1806103140115738,0.9725803136825562,3.0
1451,0.4891737103462219,1.152009129524231,4.0
1452,0.27961570024490356,0.8286519646644592,3.0
1453,0.47480571269989014,0.7269614338874817,2.0
1454,0.4445490539073944,0.8165298104286194,4.0
1455,0.1689935326576233,0.448177695274353,4.0
1456,0.21999245882034302,0.8528265953063965,3.0
1457,0.4245457649230957,1.2153236865997314,5.0
1458,0.20664264261722565,0.7465770244598389,5.0
1459,0.3741341829299927,0.5664367079734802,2.0
1460,0.20159325003623962,0.8513309359550476,2.0
1461,0.18956048786640167,0.9849570989608765,5.0
1462,0.30612385272979736,0.846922755241394,5.0
1463,0.49365222454071045,0.4566935896873474,2.0
1464,0.3659042716026306,0.5625839233398438,3.0
1465,0.10977046191692352,1.2049086093902588,4.0
1466,0.25932660698890686,0.656238317489624,5.0
1467,0.611685037612915,0.5458303689956665,3.0
1468,0.23935720324516296,0.677200973033905,5.0
1469,0.23570257425308228,0.6904963850975037,5.0
1470,0.3681325316429138,0.7668978571891785,3.0
1471,0.24967223405838013,0.9777873754501343,3.0
1472,0.3755466938018799,0.8517024517059326,2.0
1473,0.4200286865234375,0.9822219014167786,4.0
1474,0.16314859688282013,1.0938682556152344,5.0
1475,0.35032424330711365,0.8427137732505798,3.0
1476,0.3105606436729431,0.90621018409729,3.0
1477,0.17045161128044128,0.7731871604919434,5.0
1478,0.6235962510108948,0.9418148994445801,4.0
1479,0.2865827977657318,0.9223442673683167,5.0
1480,0.2516830563545227,1.5448923110961914,5.0
1481,0.4547792673110962,1.3634425401687622,2.0
1482,0.34886282682418823,1.652012586593628,3.0
1483,0.4251821041107178,1.232060432434082,2.0
1484,0.3334285020828247,2.050598382949829,3.0
1485,0.4729258716106415,1.5571727752685547,2.0
1486,0.4031878411769867,1.608583927154541,3.0
1487,0.5425609350204468,1.6135847568511963,5.0
1488,0.4421237111091614,1.7911113500595093,2.0
1489,0.294849157333374,1.0453920364379883,5.0
1490,0.30205607414245605,2.497441530227661,4.0
1491,0.2866736650466919,2.050994873046875,2.0
1492,0.5142054557800293,2.610682487487793,4.0
1493,0.36554375290870667,1.9813247919082642,2.0
1494,0.41247549653053284,2.2202045917510986,3.0
1495,0.3761207163333893,2.563335657119751,4.0
1496,0.43812796473503113,2.491719961166382,4.0
1497,0.24512270092964172,2.254115104675293,5.0
1498,0.35618841648101807,1.5989549160003662,3.0
1499,0.24052052199840546,2.6583728790283203,4.0
1500,0.6277377009391785,2.3517956733703613,4.0
1501,0.13692544400691986,3.5583717823028564,5.0
1502,0.1646038442850113,1.7248437404632568,5.0
1503,0.49886298179626465,2.7068889141082764,3.0
1504,0.5686614513397217,2.4792096614837646,2.0
1505,0.38052451610565186,1.8361283540725708,3.0
1506,0.27590471506118774,1.029679298400879,5.0
1507,0.13591830432415009,1.2446616888046265,5.0
1508,0.1487293839454651,2.0978991985321045,5.0
1509,0.22053439915180206,1.3427661657333374,2.0
1510,0.3096301555633545,1.0283647775650024,3.0
1511,0.15945403277873993,1.9731073379516602,4.0
1512,0.2876584529876709,0.8954892158508301,5.0
1513,0.4373623728752136,0.4973570704460144,2.0
1514,0.1478850543498993,0.572049617767334,4.0
1515,0.5986047983169556,0.7466894388198853,4.0
1516,0.36935997009277344,2.002204179763794,2.0
1517,0.32735371589660645,1.097853183746338,4.0
1518,0.3642807602882385,0.6904712319374084,2.0
1519,0.2608727216720581,0.510101318359375,4.0
1520,0.3067679703235626,0.5233231782913208,5.0
1521,0.48358723521232605,0.7605966925621033,4.0
1522,0.33025383949279785,0.6198193430900574,3.0
1523,0.2442593276500702,0.946413516998291,4.0
1524,0.42169204354286194,1.6688896417617798,3.0
1525,0.18218916654586792,0.8026140928268433,3.0
1526,0.43314188718795776,0.6489808559417725,2.0
1527,0.47869759798049927,0.5389090180397034,2.0
1528,0.4379667639732361,0.7773646712303162,5.0
1529,0.2646094262599945,0.6590584516525269,5.0
1530,0.3999241590499878,0.43015873432159424,3.0
1531,0.3029937148094177,1.2170124053955078,2.0
1532,0.19775569438934326,1.1999831199645996,5.0
1533,0.3833436965942383,0.4225636124610901,3.0
1534,0.25352683663368225,0.8562270402908325,5.0
1535,0.18915244936943054,1.419859766960144,5.0
1536,0.17749525606632233,1.6100044250488281,5.0
1537,0.3916074335575104,1.0344396829605103,2.0
1538,0.4194315969944,1.0277515649795532,2.0
1539,0.44538822770118713,1.0274872779846191,2.0
1540,0.5403621792793274,1.6789283752441406,3.0
1541,0.4539233446121216,0.7836506962776184,2.0
1542,0.21493853628635406,1.1024925708770752,5.0
1543,0.19872410595417023,3.383466958999634,4.0
1544,0.2375020682811737,1.3280304670333862,4.0
1545,0.42104262113571167,1.214632511138916,4.0
1546,0.5161268711090088,2.0208849906921387,4.0
1547,0.16911420226097107,1.4433715343475342,4.0
1548,0.31221964955329895,1.5417568683624268,3.0
1549,0.18336190283298492,1.3824138641357422,2.0
1550,0.5264943838119507,1.8745251893997192,4.0
1551,0.23858410120010376,0.6956447958946228,3.0
1552,0.14079175889492035,0.42616555094718933,5.0
1553,0.1530011147260666,0.6513973474502563,5.0
1554,0.3537816107273102,0.5965744256973267,4.0
1555,0.2423567920923233,0.7483943700790405,4.0
1556,0.905364453792572,0.5783816576004028,2.0
1557,0.19887712597846985,0.8677419424057007,2.0
1558,0.4363129734992981,1.3113144636154175,4.0
1559,0.39555686712265015,1.0051640272140503,2.0
1560,0.6920229196548462,0.7926658987998962,2.0
1561,0.16043251752853394,0.8158563375473022,3.0
1562,0.3888874650001526,1.795394778251648,4.0
1563,0.22641770541667938,1.1962980031967163,4.0
1564,0.16649770736694336,1.049804449081421,4.0
1565,0.35068607330322266,1.2103191614151,4.0
1566,0.3894389271736145,0.5628612041473389,3.0
1567,0.38862040638923645,0.8889685869216919,2.0
1568,0.3228091597557068,1.0397251844406128,2.0
1569,0.09188070148229599,1.2365343570709229,4.0
1570,0.4316224157810211,1.5391656160354614,2.0
1571,0.1938149631023407,0.9847676753997803,2.0
1572,0.15693046152591705,1.0499751567840576,3.0
1573,0.21767207980155945,0.3334696292877197,5.0
1574,0.21372218430042267,0.6738643050193787,4.0
1575,0.295897513628006,0.7205283641815186,3.0
1576,0.2714043855667114,0.9454330205917358,5.0
1577,0.20118528604507446,0.6470640897750854,5.0
1578,0.5012149810791016,0.4605550765991211,2.0
1579,0.4125436544418335,0.6794514060020447,2.0
1580,0.470916211605072,1.4183125495910645,3.0
1581,0.5183778405189514,0.9010087847709656,3.0
1582,0.4342471957206726,0.6529108881950378,3.0
1583,0.2585928440093994,0.9183762073516846,3.0
1584,0.3952074944972992,0.758198618888855,4.0
1585,0.2858385145664215,1.0964735746383667,3.0
1586,0.19494274258613586,1.7143446207046509,5.0
1587,0.22938668727874756,0.9719772934913635,4.0
1588,0.3332342505455017,1.1519831418991089,3.0
1589,0.5023962259292603,0.7365056872367859,4.0
1590,0.12912617623806,1.8279333114624023,4.0
1591,0.8875845670700073,1.3657145500183105,3.0
1592,0.24910880625247955,1.6840550899505615,2.0
1593,0.11069703847169876,1.3526430130004883,5.0
1594,0.313506156206131,2.4860334396362305,5.0
1595,0.17530497908592224,1.3872812986373901,4.0
1596,0.14995986223220825,2.562458038330078,4.0
1597,0.39486387372016907,2.2545394897460938,3.0
1598,0.46907365322113037,1.0694634914398193,2.0
1599,0.8593146204948425,1.8752518892288208,2.0
1600,0.3776188790798187,1.1358485221862793,3.0
1601,0.43418461084365845,1.3160741329193115,2.0
1602,0.35509252548217773,1.651886224746704,4.0
1603,0.38245368003845215,0.4694824516773224,4.0
1604,0.11946308612823486,1.9518686532974243,4.0
1605,0.297946035861969,1.9707940816879272,4.0
1606,0.43512818217277527,0.7151751518249512,2.0
1607,0.509871244430542,2.50685715675354,2.0
1608,0.3196460008621216,0.7583261132240295,3.0
1609,0.17425070703029633,0.9924743175506592,4.0
1610,0.37174487113952637,2.125119686126709,3.0
1611,0.17422565817832947,2.405271530151367,3.0
1612,0.33784836530685425,0.6154177188873291,3.0
1613,0.22571301460266113,1.7869240045547485,4.0
1614,0.34117043018341064,0.7351974248886108,3.0
1615,0.5395148992538452,0.7016926407814026,5.0
1616,0.1820048987865448,0.38655781745910645,3.0
1617,0.36464452743530273,0.6391077041625977,2.0
1618,0.26047617197036743,0.739225447177887,2.0
1619,0.2185465544462204,1.0123904943466187,5.0
1620,0.18076294660568237,0.8386601805686951,4.0
1621,0.28760477900505066,0.8844717144966125,3.0
1622,0.2157684713602066,0.8056646585464478,4.0
1623,0.13751181960105896,0.7357819080352783,2.0
1624,0.2663111686706543,0.5945129990577698,3.0
1625,0.4462283253669739,0.9326897263526917,4.0
1626,0.2001352608203888,0.7168426513671875,5.0
1627,0.5917789936065674,1.9753037691116333,3.0
1628,0.6962901949882507,1.2252709865570068,2.0
1629,0.5347707271575928,1.2381805181503296,3.0
1630,0.5034300684928894,0.7117393612861633,2.0
1631,0.14223816990852356,0.7670387029647827,4.0
1632,0.24920038878917694,1.1982989311218262,5.0
1633,0.1331627368927002,1.4332573413848877,5.0
1634,0.16443702578544617,0.5563370585441589,3.0
1635,0.2622799575328827,1.1472647190093994,4.0
1636,0.13423559069633484,1.436189889907837,5.0
1637,0.1621282696723938,1.2659282684326172,3.0
1638,0.6220335960388184,1.0086889266967773,2.0
1639,0.10058514028787613,1.4183495044708252,5.0
1640,0.7141071557998657,1.0611101388931274,4.0
1641,0.11147737503051758,0.9661002159118652,4.0
1642,0.11320411413908005,1.642264485359192,4.0
1643,0.2735990285873413,1.142448902130127,4.0
1644,0.31411200761795044,1.635988712310791,5.0
1645,0.41263896226882935,1.4240750074386597,3.0
1646,0.2165219485759735,1.5811896324157715,5.0
1647,0.7141843438148499,1.9149343967437744,2.0
1648,0.17159202694892883,0.5369612574577332,3.0
1649,0.1622428447008133,1.661139965057373,4.0
1650,0.4412952661514282,1.8966814279556274,2.0
1651,0.20844930410385132,1.3246452808380127,2.0
1652,0.21605044603347778,1.1338980197906494,2.0
1653,0.3812903165817261,1.4323877096176147,4.0
1654,0.21993598341941833,1.0672718286514282,2.0
1655,0.2262333631515503,1.254314661026001,5.0
1656,0.49172747135162354,1.8917570114135742,3.0
1657,0.20795628428459167,0.9039090871810913,4.0
1658,0.21456651389598846,1.2355018854141235,4.0
1659,0.3108982741832733,1.1469014883041382,3.0
1660,0.07254704087972641,0.624387264251709,4.0
1661,0.5384875535964966,1.059581995010376,2.0
1662,0.3445936441421509,1.4506306648254395,4.0
1663,0.2374134212732315,0.9832472801208496,5.0
1664,0.12075413763523102,0.9278667569160461,5.0
1665,0.36991339921951294,1.2122472524642944,4.0
1666,0.35711905360221863,1.3181551694869995,3.0
1667,0.1398213505744934,1.2398935556411743,5.0
1668,0.12835226953029633,2.1521553993225098,4.0
1669,0.33574962615966797,1.2899830341339111,3.0
1670,0.4008977711200714,1.5931339263916016,2.0
1671,0.25188037753105164,1.256630301475525,5.0
1672,0.6078263521194458,1.468650460243225,2.0
1673,0.4083145260810852,0.8719558119773865,5.0
1674,0.21805866062641144,1.3819434642791748,2.0
1675,0.36588340997695923,1.322333812713623,3.0
1676,0.43806493282318115,1.9577276706695557,2.0
1677,0.2879831790924072,1.200757384300232,3.0
1678,0.273153692483902,1.0558563470840454,5.0
1679,0.31276369094848633,1.04473078250885,3.0
1680,0.4841761291027069,0.7115652561187744,2.0
1681,0.4007408618927002,0.8252519965171814,2.0
1682,0.3182802200317383,1.1520159244537354,5.0
1683,0.35854384303092957,1.1351875066757202,2.0
1684,0.14436016976833344,1.4170546531677246,5.0
1685,0.3214763104915619,1.3911676406860352,4.0
1686,0.1189388632774353,1.0554826259613037,4.0
1687,0.28779342770576477,1.197709560394287,2.0
1688,0.29613029956817627,1.093675971031189,4.0
1689,0.37628817558288574,1.856353521347046,2.0
1690,0.11697589606046677,0.4895051121711731,3.0
1691,0.20826800167560577,1.0287001132965088,5.0
1692,0.49708300828933716,1.5487689971923828,3.0
1693,0.29100942611694336,0.9279930591583252,4.0
1694,0.1367238610982895,0.7621011734008789,4.0
1695,0.39541831612586975,0.608622670173645,3.0
1696,0.2870945632457733,1.4944064617156982,3.0
1697,0.11417923122644424,0.6672196984291077,3.0
1698,0.26253271102905273,1.2845535278320312,5.0
1699,0.3395534157752991,0.9094957709312439,5.0
1700,0.2514036297798157,1.4374134540557861,4.0
1701,0.2513536810874939,0.9998566508293152,4.0
1702,0.08707640320062637,0.7103023529052734,5.0
1703,0.3294789493083954,0.9954320788383484,4.0
1704,0.2841927409172058,1.2762126922607422,3.0
1705,0.41290828585624695,1.3930788040161133,3.0
1706,0.08499915897846222,2.1066184043884277,5.0
1707,0.058831728994846344,1.5411405563354492,5.0
1708,0.1617005616426468,0.5731543302536011,5.0
1709,0.2984277606010437,1.4095896482467651,3.0
1710,0.39908015727996826,1.1115167140960693,2.0
1711,0.2740023136138916,0.8729748129844666,5.0
1712,0.35785192251205444,1.0206642150878906,3.0
1713,0.13492809236049652,0.43914395570755005,3.0
1714,0.07524800300598145,1.1635926961898804,5.0
1715,0.2639416456222534,1.1566755771636963,5.0
1716,0.3625161051750183,1.130494475364685,2.0
1717,0.20381052792072296,1.04246187210083,5.0
1718,0.14816859364509583,1.5528262853622437,4.0
1719,0.20789308845996857,1.516309142112732,4.0
1720,0.2795882523059845,1.0323351621627808,4.0
1721,0.35765761137008667,1.1128036975860596,4.0
1722,0.23932713270187378,0.4622655212879181,4.0
1723,0.24191488325595856,0.6410282254219055,3.0
1724,0.4118085205554962,1.0681833028793335,4.0
1725,0.3970693349838257,1.5344058275222778,3.0
1726,0.8838515281677246,1.1805652379989624,3.0
1727,0.125086709856987,1.2106322050094604,5.0
1728,0.3136619031429291,1.2951695919036865,4.0
1729,0.35252776741981506,0.549030065536499,5.0
1730,0.5386121273040771,0.6117738485336304,2.0
1731,0.2101234495639801,1.0656046867370605,4.0
1732,0.20932996273040771,0.804085910320282,3.0
1733,0.179316908121109,0.9812583923339844,4.0
1734,0.16178476810455322,0.9069787263870239,5.0
1735,0.30429700016975403,0.9551604986190796,3.0
1736,0.7112151384353638,1.1998348236083984,3.0
1737,0.19798287749290466,1.0967638492584229,5.0
1738,0.4109494090080261,2.165616989135742,3.0
1739,0.22213011980056763,2.677053451538086,2.0
1740,0.19962817430496216,0.7995958924293518,4.0
1741,0.13186655938625336,2.1440882682800293,5.0
1742,0.4181084930896759,1.2741773128509521,5.0
1743,0.31275123357772827,2.61875581741333,4.0
1744,0.1126360222697258,1.0056853294372559,5.0
1745,0.056295961141586304,1.7793424129486084,4.0
1746,0.34026679396629333,1.578797698020935,4.0
1747,0.12892650067806244,1.4432265758514404,5.0
1748,0.37066423892974854,1.5941272974014282,3.0
1749,0.11337187886238098,0.9847770929336548,3.0
1750,0.19239415228366852,1.3588038682937622,3.0
1751,0.18699665367603302,1.9828802347183228,4.0
1752,0.26662296056747437,0.5154334306716919,3.0
1753,0.47115904092788696,1.1570713520050049,3.0
1754,0.21681706607341766,0.9946825504302979,5.0
1755,0.1275295466184616,0.7209762930870056,5.0
1756,0.1416187435388565,0.8332571387290955,5.0
1757,0.18808585405349731,1.261733055114746,3.0
1758,0.528368353843689,0.8876784443855286,3.0
1759,0.9051398634910583,1.4297395944595337,2.0
1760,0.2959654927253723,1.1055132150650024,3.0
1761,0.3790740966796875,0.9362845420837402,5.0
1762,0.4302275776863098,1.1221680641174316,2.0
1763,0.1971636712551117,0.959823489189148,2.0
1764,0.3524339199066162,0.6766058206558228,3.0
1765,0.4179780185222626,0.7308528423309326,2.0
1766,0.31596454977989197,0.9269763231277466,5.0
1767,0.22711089253425598,0.8207377791404724,4.0
1768,0.23520514369010925,1.141275405883789,5.0
1769,0.2726554274559021,2.004910707473755,3.0
1770,0.12060100585222244,1.15339994430542,4.0
1771,0.456906795501709,0.7477611899375916,4.0
1772,0.4742814302444458,0.43979504704475403,3.0
1773,0.16268575191497803,0.6135684847831726,5.0
1774,0.38668984174728394,1.7831685543060303,2.0
1775,0.19665968418121338,1.4559128284454346,3.0
1776,0.5259265303611755,0.847929060459137,5.0
1777,0.23870958387851715,0.7878262400627136,3.0
1778,0.2692585289478302,0.817141056060791,3.0
1779,0.4193817377090454,0.3486843407154083,2.0
1780,0.22905969619750977,0.897909939289093,4.0
1781,0.4335924983024597,0.8645521402359009,4.0
1782,0.19455668330192566,0.5582441091537476,5.0
1783,0.3317474126815796,1.217934489250183,3.0
1784,0.5109880566596985,0.7556779384613037,2.0
1785,0.344339519739151,0.5344014763832092,3.0
1786,0.9488630890846252,0.9431055784225464,3.0
1787,0.2207445204257965,0.9834370613098145,4.0
1788,0.32765495777130127,1.1985244750976562,4.0
1789,0.8026658296585083,1.0207561254501343,2.0
1790,0.3095545172691345,0.9406754970550537,3.0
1791,0.3343612551689148,0.3889507055282593,3.0
1792,0.32821428775787354,0.9153428077697754,3.0
1793,0.21438336372375488,1.9284052848815918,5.0
1794,0.3802294135093689,1.7813656330108643,2.0
1795,0.13069488108158112,2.1021840572357178,5.0
1796,0.32326215505599976,2.858067750930786,5.0
1797,0.4383309483528137,1.5705066919326782,2.0
1798,0.2745635509490967,0.7976043224334717,4.0
1799,0.1891540139913559,0.5600596070289612,3.0
1800,0.13729891180992126,2.259150266647339,5.0
1801,0.1362675577402115,0.8123197555541992,5.0
1802,0.45976871252059937,1.7343201637268066,2.0
1803,0.3253647983074188,0.9696162343025208,5.0
1804,0.3744710683822632,1.4237533807754517,3.0
1805,0.3540147840976715,1.12001633644104,3.0
1806,0.3027805984020233,1.11837899684906,5.0
1807,0.2257588505744934,0.7582999467849731,4.0
1808,0.24579399824142456,0.9782279133796692,3.0
1809,0.5279417037963867,0.8357782959938049,3.0
1810,0.45576661825180054,0.7121456861495972,4.0
1811,0.21958477795124054,2.1586039066314697,4.0
1812,0.4360692799091339,1.359833836555481,2.0
1813,0.5125278830528259,1.118204951286316,5.0
1814,0.31683167815208435,0.69004225730896,3.0
1815,0.16348007321357727,1.3587726354599,5.0
1816,0.3220106363296509,0.7757183909416199,4.0
1817,0.43138909339904785,0.6216571927070618,2.0
1818,0.15279996395111084,0.5397746562957764,5.0
1819,0.27802151441574097,0.7067942023277283,5.0
1820,0.2796558141708374,1.007308840751648,3.0
1821,0.29278090596199036,0.42590636014938354,3.0
1822,0.3270118832588196,0.8102043867111206,3.0
1823,0.3831826448440552,0.6224048137664795,3.0
1824,0.6081082224845886,0.5055137872695923,2.0
1825,0.2366940677165985,0.3961183726787567,4.0
1826,0.31324532628059387,1.8743292093276978,4.0
1827,0.7501723766326904,1.5176526308059692,4.0
1828,0.14670392870903015,1.0495903491973877,5.0
1829,0.3588123619556427,1.1662378311157227,5.0
1830,0.3076642155647278,0.8014016151428223,4.0
1831,0.2305421680212021,0.8172420263290405,2.0
1832,0.1808195859193802,2.0014421939849854,5.0
1833,0.15071530640125275,1.2463515996932983,5.0
1834,0.2391834557056427,2.885960578918457,2.0
1835,0.16630934178829193,1.2776230573654175,4.0
1836,0.29135024547576904,0.7514396905899048,3.0
1837,0.24394607543945312,0.9186426997184753,4.0
1838,0.23434560000896454,0.5901714563369751,3.0
1839,0.436032772064209,0.7341359853744507,2.0
1840,0.3275110721588135,0.8286169767379761,3.0
1841,0.18236874043941498,0.8327781558036804,5.0
1842,0.1547122448682785,0.8975959420204163,2.0
1843,0.28297457098960876,0.5792431235313416,3.0
1844,0.3669450879096985,1.0842705965042114,4.0
1845,0.5528005957603455,0.851503312587738,2.0
1846,0.17871198058128357,1.1616599559783936,4.0
1847,0.309614360332489,1.3936735391616821,2.0
1848,0.51971036195755,1.1238127946853638,2.0
1849,0.3593359589576721,1.815834641456604,5.0
1850,0.30400991439819336,0.7585419416427612,3.0
1851,0.1609443724155426,0.9175456762313843,3.0
1852,0.2628510594367981,1.358195185661316,5.0
1853,0.25497502088546753,0.816419780254364,5.0
1854,0.08608584851026535,1.932145595550537,5.0
1855,0.16864152252674103,1.252197265625,3.0
1856,0.4404370188713074,1.9192413091659546,2.0
1857,0.135939821600914,1.142068862915039,5.0
1858,0.49308547377586365,1.9009921550750732,2.0
1859,0.38282310962677,1.105499267578125,2.0
1860,0.3095172047615051,0.7187831997871399,2.0
1861,0.21170921623706818,0.9058542847633362,3.0
1862,0.2216070294380188,1.4180814027786255,4.0
1863,0.3140028119087219,1.507702112197876,2.0
1864,0.22888323664665222,0.7023488283157349,5.0
1865,0.12095353752374649,2.2519147396087646,2.0
1866,0.21979033946990967,2.855027675628662,2.0
1867,0.31487172842025757,0.7943028211593628,2.0
1868,0.33339840173721313,2.6115143299102783,2.0
1869,0.11770511418581009,1.0111382007598877,5.0
1870,0.30383235216140747,0.7087666988372803,3.0
1871,0.15395839512348175,0.7143107652664185,5.0
1872,0.33021098375320435,0.5371371507644653,3.0
1873,0.20017071068286896,0.8306517601013184,3.0
1874,0.3179495930671692,1.2989903688430786,2.0
1875,0.2874046266078949,0.5168287754058838,5.0
1876,0.25495871901512146,0.9529849290847778,5.0
1877,0.5786172151565552,1.1638838052749634,2.0
1878,0.1176520586013794,0.7679129242897034,5.0
1879,0.36397653818130493,0.5187259912490845,2.0
1880,0.306903600692749,1.3623006343841553,3.0
1881,0.17605282366275787,1.0313016176223755,4.0
1882,0.16096416115760803,1.6958179473876953,5.0
1883,0.37374916672706604,0.7985018491744995,5.0
1884,0.3022468388080597,0.7020643353462219,2.0
1885,0.15432341396808624,1.147952914237976,5.0
1886,0.5233824253082275,1.2610716819763184,4.0
1887,0.7342593669891357,0.9115181565284729,2.0
1888,0.6079565286636353,0.8810654282569885,2.0
1889,0.3103008568286896,1.03700852394104,3.0
1890,0.6778517961502075,1.4579880237579346,2.0
1891,0.17046430706977844,2.3553290367126465,4.0
1892,0.5480427742004395,1.5247459411621094,4.0
1893,0.4607098400592804,0.8912826776504517,2.0
1894,0.44410115480422974,0.44399505853652954,3.0
1895,0.20058020949363708,1.067154884338379,5.0
1896,0.14858181774616241,1.3505239486694336,5.0
1897,0.2983247935771942,1.5299197435379028,3.0
1898,0.2254125028848648,0.5780489444732666,5.0
1899,0.5017731785774231,1.9699474573135376,3.0
1900,0.25361576676368713,1.977349042892456,2.0
1901,0.0670580267906189,1.09923255443573,4.0
1902,0.30213236808776855,0.6985540390014648,2.0
1903,0.2606498897075653,1.1084498167037964,4.0
1904,0.4360365867614746,0.7372231483459473,2.0
1905,0.16677385568618774,1.083215594291687,5.0
1906,0.1439913809299469,1.1597844362258911,5.0
1907,0.11965455859899521,0.926354169845581,5.0
1908,0.2679058313369751,1.4823476076126099,4.0
1909,0.1671273559331894,0.6271786093711853,5.0
1910,0.21162185072898865,1.3911330699920654,4.0
1911,0.30415886640548706,0.755274772644043,2.0
1912,0.30405184626579285,1.192880630493164,5.0
1913,0.29688093066215515,0.8411606550216675,3.0
1914,0.14631494879722595,0.6530047059059143,5.0
1915,0.2819105088710785,1.2400758266448975,2.0
1916,0.42572149634361267,0.47385144233703613,3.0
1917,0.492805153131485,2.129143714904785,2.0
1918,0.30240359902381897,0.6021257638931274,2.0
1919,0.3157868981361389,1.0731693506240845,5.0
1920,0.32418009638786316,2.405902862548828,3.0
1921,0.1912185400724411,1.4524277448654175,5.0
1922,0.44892358779907227,1.6625990867614746,2.0
1923,0.13562461733818054,0.6867986917495728,5.0
1924,0.13865217566490173,1.3148090839385986,5.0
1925,0.18192151188850403,0.608151376247406,5.0
1926,0.28333863615989685,2.124479293823242,4.0
1927,0.2979843318462372,1.1980082988739014,2.0
1928,0.6626815795898438,2.224816083908081,3.0
1929,0.2449544370174408,0.8637669682502747,3.0
1930,0.4916948676109314,0.8331335783004761,2.0
1931,0.2630329132080078,1.0182063579559326,3.0
1932,0.28439050912857056,0.4597986340522766,4.0
1933,0.25390326976776123,0.6823736429214478,2.0
1934,0.3887180984020233,1.0647971630096436,4.0
1935,0.18286040425300598,1.5062237977981567,5.0
1936,0.45620906352996826,1.0132120847702026,2.0
1937,0.2866310477256775,1.060875654220581,5.0
1938,0.3751121163368225,0.46045005321502686,2.0
1939,0.5004628896713257,0.5704323053359985,2.0
1940,0.4372882544994354,0.8365503549575806,2.0
1941,0.11364930123090744,1.6673696041107178,5.0
1942,0.43476319313049316,0.8414061665534973,2.0
1943,0.3352649509906769,1.9127507209777832,3.0
1944,0.40874147415161133,1.086015224456787,2.0
1945,0.37688881158828735,1.0586341619491577,2.0
1946,0.10302969813346863,1.3106634616851807,4.0
1947,0.16231347620487213,1.1705751419067383,4.0
1948,0.40101686120033264,0.5800158977508545,2.0
1949,0.3890056908130646,1.5294604301452637,4.0
1950,0.09188076853752136,0.9324790835380554,4.0
1951,0.20337887108325958,0.5737631916999817,3.0
1952,0.32298898696899414,1.173248529434204,5.0
1953,0.124770887196064,0.5447842478752136,4.0
1954,0.5069831609725952,0.6742428541183472,4.0
1955,0.05448978394269943,0.8969060182571411,5.0
1956,0.3567301630973816,0.5188210606575012,2.0
1957,0.20561690628528595,1.024239182472229,5.0
1958,0.2564880847930908,0.9721097946166992,4.0
1959,0.13071882724761963,0.6784396171569824,4.0
1960,0.20504026114940643,1.484645962715149,4.0
1961,0.20444706082344055,1.0930179357528687,3.0
1962,0.5460810661315918,1.0694046020507812,3.0
1963,0.2803463041782379,1.1001399755477905,3.0
1964,0.33422213792800903,1.2103785276412964,4.0
1965,0.2507915496826172,0.8223388195037842,5.0
1966,0.24116957187652588,1.1898247003555298,5.0
1967,0.11256092041730881,1.1555209159851074,4.0
1968,0.35388362407684326,1.1559162139892578,3.0
1969,0.12891139090061188,0.9487469792366028,4.0
1970,0.30487895011901855,2.003357172012329,3.0
1971,0.10467617958784103,0.6504634022712708,4.0
1972,0.35168081521987915,1.312596082687378,3.0
1973,0.25712788105010986,1.1043298244476318,2.0
1974,0.1413494348526001,1.4139562845230103,3.0
1975,0.27112868428230286,1.264007329940796,5.0
1976,0.281437486410141,0.806991696357727,4.0
1977,0.24976351857185364,1.2061848640441895,4.0
1978,0.13718752562999725,0.5896741151809692,4.0
1979,0.32621413469314575,1.4622721672058105,4.0
1980,0.2958530783653259,1.4770524501800537,4.0
1981,0.07593382894992828,1.0401253700256348,5.0
1982,0.19698774814605713,1.3164222240447998,4.0
1983,0.3775261342525482,1.5428918600082397,2.0
1984,0.4163975119590759,2.2100489139556885,2.0
1985,0.524776041507721,1.4172183275222778,2.0
1986,0.31606078147888184,1.7799372673034668,3.0
1987,0.6757580637931824,1.1992450952529907,2.0
1988,0.3778080642223358,2.0813474655151367,3.0
1989,0.8159314393997192,1.019406795501709,2.0
1990,0.8132121562957764,0.6245688796043396,3.0
1991,0.3132033348083496,0.7854775786399841,5.0
1992,0.19649511575698853,0.6095272302627563,3.0
1993,0.3718093931674957,0.6180152893066406,5.0
1994,0.4194124937057495,1.6293352842330933,3.0
1995,0.3668934106826782,0.5712160468101501,4.0
1996,0.21755556762218475,2.0555529594421387,4.0
1997,0.6670566201210022,1.4747873544692993,2.0
1998,0.5123182535171509,1.5765630006790161,3.0
1999,0.12704668939113617,1.762089490890503,5.0
